comb,m1,m2,m3,Tmax,Tmax_err,st,st_err,gmax,gmax_err,rmax,rmax_err,Jmax,Jmax_err,Hmax,Hmax_err
0,-9.650344878973556,,,53278.73959487898,0.07242533942793736,0.8175167006660506,0.008508271406507796,15.035646213070786,0.009929837186561196,15.026922034931502,0.007950525609210527,,,15.70394690141625,0.26528005737765503
1,-8.674472938015242,,,53278.73955627136,0.07242819640859488,0.8175200905721259,0.008508576507981347,15.03563566919213,0.009930150425589554,15.026946084532149,0.007950827830742864,,,15.745017437974413,0.19366396992733323
2,-7.7015270860356395,,,53278.73952708603,0.07242689821745851,0.8175197659966228,0.008508416458222675,15.035653078530562,0.009929956358558522,15.026907591788737,0.007950649169227735,,,15.71097273082553,0.1507152957274199
3,-6.705987148256099,,,53278.73952048159,0.07242405762773974,0.8175178775344961,0.00850809272049839,15.035671854811586,0.009929610904092835,15.026866518604495,0.007950335013440791,,,15.675772388360427,0.1181691641968817
4,-1.7080702021557954,,,53278.73957020216,0.0724264885686187,0.8175196513548603,0.008508393328042593,15.035637288917012,0.009929956685795986,15.026944439502351,0.007950659604301132,,,15.746310583337234,0.11430053635940061
5,2.277099003273179,,,53278.73954385387,0.07242463109001762,0.8175190974686958,0.008508168039369995,15.035653436703017,0.009929689944312784,15.026907681484694,0.007950422944005536,,,15.686929661640441,0.16396681706208344
6,22.280015651682334,,,53278.73941291975,0.07242104788628016,0.8175194340058608,0.008507711355063029,15.035725746833167,0.009929113376443229,15.026751428167573,0.007949879377370593,,,15.46065552357089,0.17900147302761638
7,27.316545432149724,,,53278.739168853564,0.07241046978916824,0.8175170805070316,0.00850640889704121,15.035872343220529,0.009927535179511058,15.026428485747326,0.007948423495058256,,,15.27041134181838,0.22071512493806947
