comb,m1,m2,m3,Tmax,Tmax_err,st,st_err,gmax,gmax_err,rmax,rmax_err,Jmax,Jmax_err,Hmax,Hmax_err
0,-9.649716210786664,,,279.2325733536438,0.0728439533777941,0.8177540960933275,0.00853872935319075,15.034479567444071,0.010142450699963935,15.026483235153238,0.00796812884996385,,,15.704347329300521,0.265082277356349
1,-8.667554677374028,,,279.232554677374,0.07284474614621708,0.8177570240546348,0.008538816469302699,15.034469969698838,0.010142536392581137,15.026507820494384,0.0079682324748354,,,15.746092259867448,0.19321429920507474
2,-7.692526284911196,,,279.2325262849112,0.07284340088881378,0.817756583501719,0.0085386534232149,15.034487307185206,0.010142338288669806,15.026469262294885,0.007968051414723787,,,15.712017999363376,0.15036215627557062
3,-6.699998959045445,,,279.2324989590455,0.07284219105079127,0.8177554575571431,0.008538504111644446,15.034505459577499,0.010142166228340533,15.026427539767026,0.007967889055851178,,,15.676343185842022,0.1180213008683054
4,-1.707553214871723,,,279.2325532148717,0.07284455660226946,0.8177568919603744,0.008538794235658637,15.03447124970605,0.010142510710471675,15.026504818701671,0.00796820950191512,,,15.746283262161581,0.11438812973239933
5,2.284975475677413,,,279.2325245243225,0.5328432665750013,0.8177566278866446,0.008538636771422898,15.034487834189092,0.010142317849761572,15.026467940488525,0.0079680355600434,,,15.686595761433733,0.16416453564149347
6,22.28510339452862,,,279.2323966054713,0.14283918451617944,0.817756514278158,0.008538131193421951,15.034558834360796,0.010141680983496172,15.026312772519654,0.007967446973339967,,,15.460831891854578,0.17894963609389544
7,27.32284641557584,,,279.23215358442417,0.14282868938170296,0.8177533744896412,0.008536855063847517,15.034704315900493,0.010140121930013016,15.025989891237712,0.00796601484748518,,,15.27046611598293,0.22067311787080002
