comb,m1,m2,m3,Tmax,Tmax_err,st,st_err,gmax,gmax_err,rmax,rmax_err,Jmax,Jmax_err,Hmax,Hmax_err
0,-9.650264163976885,,,279.233121306834,0.07327686134208977,0.817799112879927,0.008586925610614552,15.034293245377016,0.010201709161024993,15.027318387598909,0.008015442244076201,15.381461065475236,0.16997879536561103,,
1,-8.667128646959043,,,279.23212864695904,0.07279090097904685,0.8181189025502262,0.008532957678991676,15.034087965981806,0.010131716788767458,15.027954518878918,0.00796271271702229,15.443251614876964,0.13277417771369227,,
2,-7.692145986010644,,,279.23214598601066,0.07279153115312234,0.8181174435056416,0.008533036377321532,15.034080304429448,0.010131827439547743,15.027968644963206,0.007962793393973294,15.443811590049714,0.11207461827180853,,
3,-6.699703168406529,,,279.23220316840656,0.07279506168703707,0.8181127403436603,0.00853346076122432,15.034051802095497,0.010132390895780654,15.028021889273923,0.007963225429607835,15.459623764850253,0.09243654828079331,,
4,-1.707200850115214,,,279.2322008501152,0.07279463355640521,0.818113167308447,0.008533413135446276,15.03405273731604,0.010132326762255011,15.028020790878285,0.007963172567394355,15.463395156004658,0.07670182432515842,,
5,2.285462704805525,,,279.2320372951944,0.5327843771885196,0.8181255444365774,0.008532172887397044,15.034138089934839,0.010130703575417599,15.027857760192882,0.007961930112907025,15.403943188857244,0.1463685336672252,,
6,22.286332358368327,,,279.2311676416316,0.14273097165628595,0.8181915984242566,0.008525707919935467,15.034593254741573,0.010122229039447503,15.026990482088184,0.007955448531995746,15.203544276212527,0.3550113160911224,,
7,27.324152187763843,,,279.23084781223616,0.14271348913256224,0.8182166517942872,0.008523579665320009,15.034754201341599,0.010119402523471767,15.026686539004345,0.007953306118653105,15.116504918295727,0.3260119332082082,,
