comb,m1,m2,m3,Tmax,Tmax_err,st,st_err,gmax,gmax_err,rmax,rmax_err,Jmax,Jmax_err,Hmax,Hmax_err
0,-9.649172327990527,,,53278.738422327995,0.07229377595527857,0.8180618149570109,0.008492965765828251,15.035456396225754,0.009906699028348549,15.028280558565097,0.007936143985788327,15.382250887849699,0.16823843288500817,15.713380287316456,0.2637811599476653
1,-8.673550510124187,,,53278.738633843466,0.07231132045464703,0.818041848209693,0.008495075940533997,15.035340373278324,0.009909364287831882,15.028491313690134,0.007938218751960005,15.440501367402192,0.13273401357250894,15.727415762229557,0.19273495642290367
2,-7.7006927549882676,,,53278.73869275498,0.07231548792014231,0.8180397932559385,0.008495579914766772,15.035307702986735,0.00990998581871904,15.02855716213168,0.007938734320371975,15.441156826055725,0.11207074367298511,15.691908227816038,0.150101116166267
3,-6.70531452789146,,,53278.73884786123,0.07232310498317936,0.8180303628521596,0.008496525588858423,15.035239756201289,0.009911234071035653,15.028688810393302,0.007939726816480863,15.456861847909922,0.09243375646303192,15.654015722086347,0.11776389167388449
4,-1.707266480079852,,,53278.738766480084,0.0723177593615051,0.8180320527298265,0.008495885127059661,15.035281387294429,0.009910437860805713,15.028603225003526,0.007939040347966855,15.463571546000793,0.07656253406397343,15.717923860993551,0.11404946816979866
5,2.2781014490828966,,,53278.73854140806,0.0723012944875602,0.8180525434822928,0.008493881348347982,15.035394934217381,0.009907873785424657,15.028394389305543,0.007937064688630936,15.404124788374341,0.14609142680797838,15.652829010361096,0.1637231456488402
6,22.28215288220963,,,53278.73727568922,0.0722157691392431,0.8181665817147126,0.022223441039021796,15.036030721949455,0.009894432845430767,15.027232807738454,0.007926726082224257,15.204526345320778,0.35433045395464063,15.452173338398332,0.17778959681919448
7,27.31863248097943,,,53278.737081804735,0.07220287811122067,0.818205702950223,0.02222184520398314,15.036110019831982,0.009892213376879655,15.02712766586508,0.007925260415917883,15.126041300083298,0.3251175171270184,15.28375500173876,0.2192810043013664
