comb,m1,m2,m3,Tmax,Tmax_err,st,st_err,gmax,gmax_err,rmax,rmax_err,Jmax,Jmax_err,Hmax,Hmax_err
0,-9.648546934584203,,,279.2314040774413,0.07270838081769608,0.8183011392113864,0.00852319198162894,15.03429078612046,0.010118262645561645,15.027844564111282,0.007953657218184864,15.382725489304619,0.16816565302705272,15.71375343327092,0.26356046968521296
1,-8.666635495072569,,,279.23163549507257,0.07272456665578438,0.8182809000881774,0.00852514174823653,15.034174846516196,0.010120814061268175,15.028058389784505,0.007955584498939867,15.44198128256272,0.13255071511075814,15.7284035511112,0.1922741599280966
2,-7.69169463610109,,,279.2316946361011,0.07272868793190519,0.8182789900997721,0.008525636104939569,15.03414263303848,0.01012143378617565,15.028123869250711,0.007956090745564753,15.442582345412102,0.11189035345992955,15.69286077325209,0.14974168457228076
3,-6.699323967883004,,,279.23182396788303,0.07273783514508152,0.8182712239200276,0.008526730135048345,15.034075988374846,0.010122841046937848,15.028252793651617,0.007957204126592374,15.457577370510151,0.0922847139686672,15.654549937210941,0.11761102315813256
4,-1.7067460159427128,,,279.2317460159427,0.0727323116733405,0.8182723145125462,0.00852607385706028,15.034118531196777,0.010122024484505259,15.02816428948568,0.007956511535361905,15.463496349092448,0.07662399732155027,15.71793933785678,0.1141341937640524
5,2.285982252447468,,,279.23151774755246,0.5327160254820061,0.8182930562822259,0.008524112304892672,15.034232636472252,0.010119456189273802,15.027954845071122,0.0079545790813844,15.40339796709962,0.1462700884740211,15.652397298296359,0.163918909138369
6,22.28723980092161,,,279.2302601990783,0.14262847047076838,0.8184041866191843,0.022253557835736744,15.034863838735683,0.010105633782609803,15.026793957039157,0.007944156537419474,15.204779494691943,0.3543077295289049,15.452456315439942,0.177727700044163
7,27.32493190419092,,,279.2300680958091,0.14261514491687707,0.8184428232256921,0.022251932479505798,15.034942907875111,0.010103325196680363,15.02668864296919,0.007942671602186738,15.125935806118761,0.32552497221877963,15.283828509408512,0.21922473530626063
