comb,m1,m2,m3,Tmax,Tmax_err,st,st_err,gmax,gmax_err,rmax,rmax_err,Jmax,Jmax_err,Hmax,Hmax_err
0,-9.64963772012942,,,279.2324948629865,0.07319969581349058,0.817979861822768,0.008577825136151743,15.034413520950459,0.010189076872654147,15.027380763342595,0.008007076832379641,15.382118539388234,0.16961662783557627,15.713152256909234,0.2659616636769655
1,-8.666652926408005,,,279.231652926408,0.0727267357791311,0.8182807128896626,0.00852539401414903,15.03417451549627,0.010121117184656633,15.028058340811228,0.007955822699814194,15.441983912230826,0.132555327464106,15.728396596785338,0.19228125884683345
2,-7.691675450789205,,,279.2316754507892,0.07273052159254638,0.8182816140463937,0.008525840336695317,15.034143955233448,0.010121658213396544,15.028123800385323,0.007956287598499728,15.442587300209384,0.11189151925799942,15.692864495927987,0.14974297460239455
3,-6.699306516054264,,,279.2318065160543,0.07273960099011648,0.8182736809811719,0.00852692668472491,15.03407722956676,0.010123058406570105,15.028252641663657,0.007957394254671306,15.457581698096444,0.09228548159674728,15.654551788568668,0.11761234065975522
4,-1.7067294833474307,,,279.2317294833474,0.07273404119718152,0.8182746277229833,0.008526267310071002,15.034119666530978,0.010122239327366205,15.028164163284636,0.00795669827474876,15.463496359010973,0.07662566918697064,15.717937741140092,0.11413670270525997
5,2.285999977949473,,,279.23150002205045,0.5327177579055578,0.8182954856193684,0.008524305375538287,15.034233955325218,0.010119669051999564,15.027954528410618,0.007954765281239472,15.403396560494873,0.14627233687402877,15.652397303847135,0.1639223391614942
6,22.287257787652663,,,279.23024221234726,0.14263031776840787,0.8184067276149024,0.0222537636917008,15.0348647823264,0.010105861712920996,15.026794534258771,0.007944355390740253,15.204778232123221,0.3543133240563635,15.452461293911952,0.17772930543042956
7,27.324963530561774,,,279.23003646943823,0.14261791738044838,0.8184471887840506,0.022252240690952198,15.034945358942661,0.010103656254862632,15.026688682833274,0.007942967182272397,15.125935524602223,0.32553543683640684,15.283838447982358,0.21922753247100804
