comb,m1,m2,m3,Tmax,Tmax_err,st,st_err,gmax,gmax_err,rmax,rmax_err,Jmax,Jmax_err,Hmax,Hmax_err
0,-9.650808669815888,,,53278.74005866982,0.07284569815899243,0.8175645035039202,0.008555119448644538,15.035455421993499,0.009986323643390426,15.027762429665461,0.007996642167927856,15.381011343341767,0.16998199404671718,,
1,-8.674049147230107,,,53278.73913248057,0.07237562242295031,0.8178788177780495,0.008502740479748343,15.03525197092202,0.009919828084174954,15.028388861240074,0.007945240392015772,15.441756845697682,0.13295619413792958,,
2,-7.7011494929975015,,,53278.73914949299,0.07237630883041764,0.8178773525898491,0.008502826609637377,15.035244101299302,0.009919944183309356,15.028403269266256,0.007945327986081852,15.442373418257526,0.11225362393428417,,
3,-6.705696702963905,,,53278.7392300363,0.07237821456935938,0.8178715193928353,0.008503085242248458,15.03521511863904,0.009920336493344556,15.028458682346386,0.007945618497604503,15.458911107548436,0.09258402187166741,,
4,-1.707724883541232,,,53278.739224883546,0.07237795783474398,0.8178722301009933,0.008503057910714424,15.035214955149158,0.009920290483540222,15.028460023550808,0.007945579091000942,15.463475285591805,0.07663907255219382,,
5,2.2775792493412155,,,53278.739063607805,0.07236751390802218,0.817884503428024,0.008501781198136882,15.035299852112626,0.009918657666936307,15.028297769063366,0.007944301002614087,15.404652379985787,0.14618841685209089,,
6,22.281240820251696,,,53278.73818775118,0.07231520817283792,0.8179524811285696,0.008495364244093999,15.035758534054963,0.00991038645756546,15.027428990189414,0.007937850541758398,15.203308097930433,0.35502780241392223,,
7,27.317848197038984,,,53278.737866088675,0.07229800062942188,0.8179783261677999,0.008493239907029887,15.035920437943314,0.009907613731822341,15.027125041760524,0.007935706718220605,15.116610955188166,0.3255962631249897,,
