comb,m1,m2,m3,Tmax,Tmax_err,st,st_err,gmax,gmax_err,rmax,rmax_err,Jmax,Jmax_err,Hmax,Hmax_err
0,-5.389760162564926,,,56323.74642682923,0.08088268518973313,0.9142020408982436,0.00732591169595792,16.59893275334874,0.007165511103205228,16.61808516861285,0.006832326162138781,,,17.434798040071318,0.15789273126842998
1,23.546253885571787,,,56323.746412781096,0.15089660606640726,0.9141969368372972,0.007327140095664611,16.598955786950853,0.007166797665922848,16.618017440943103,0.0068334876975705335,,,17.115757347399832,0.111531440987798
2,26.597290316567523,,,56323.74637635011,0.15093635916856815,0.9141743793124639,0.007330631339799251,16.59904170759846,0.007170589241611658,16.617761153470997,0.006836846329233284,,,17.077393445725907,0.1895809327019652
3,27.62089730444859,,,56323.746324917774,0.15101591356440075,0.9141265683920153,0.00733762571786698,16.599215354714218,0.007178235112145858,16.617240677462195,0.006843602338898187,,,16.941382830957515,0.18829657666275346
4,29.6340532586255,,,56323.74628007471,0.1510866966825895,0.9140842941832209,0.007343851599206902,16.5993698255713,0.007185037787089343,16.616778187876488,0.006849614401239763,,,16.851148974420973,0.18972148703201464
5,30.58988701445196,,,56323.74636298555,0.15094742893740587,0.9141682350164448,0.007331600653188134,16.599065513651258,0.007171640029546955,16.617690426722486,0.006837777534257216,,,17.12120184023599,0.12726308716452686
