comb,m1,m2,m3,Tmax,Tmax_err,st,st_err,gmax,gmax_err,rmax,rmax_err,Jmax,Jmax_err,Hmax,Hmax_err
0,-5.3870200760429725,,,56323.74368674271,0.07941205513774104,0.9150544590994802,0.007193661842173538,16.597570520693285,0.00702165729070264,16.622834520884496,0.0067029351683198495,17.13210409930844,0.04017904442249197,17.380171000248616,0.1547175603848085
1,23.550799372489564,,,56323.74186729418,0.14917606369359154,0.9150487381555926,0.020910743896001175,16.598754810599075,0.006999135878133822,16.619869839321712,0.006680972050004597,16.997730771529373,0.1933218445988013,17.083802271053294,0.10910126305114465
2,26.60326614959922,,,56323.740400517076,0.14895983437648874,0.9150633042722487,0.020889997382327895,16.59966439844068,0.006978450132377941,16.61763078357301,0.0066610439638037635,16.845676381547523,0.17765999876302369,17.083491631012066,0.18473864777235294
3,27.627556747422204,,,56323.7396654748,0.14879992239461695,0.9151090627408316,0.020875080595666208,16.600014446344584,0.0069630411588777075,16.616832295978195,0.006646625647266455,16.75144554864603,0.1761359786130599,16.954191481216238,0.182884827661587
4,29.64116467477288,,,56323.73916865856,0.1486775707102515,0.9151512794444056,0.007123751466383397,16.60022086203491,0.006951226234473622,16.61638486036476,0.00663565335957344,16.689921739009606,0.18085202275719625,16.865674533298662,0.1837541527656604
5,30.596608649262635,,,56323.73964135074,0.14885638312340635,0.9150638779404697,0.007140001143758608,16.600156945949823,0.006968583772621305,16.616410621665292,0.006651464452653431,16.779631269624954,0.17956665038296563,17.143853618647697,0.123742557459982
