comb,m1,m2,m3,Tmax,Tmax_err,st,st_err,gmax,gmax_err,rmax,rmax_err,Jmax,Jmax_err,Hmax,Hmax_err
0,-5.390442851254193,,,56323.74710951792,0.08043220029790711,0.9149513603120834,0.007288542283887495,16.597824021729522,0.007116506273083494,16.622061608025383,0.006791942706053381,17.13029938562305,0.04072391097622557,,
1,23.54850586806424,,,56323.744160798604,0.1501114683124485,0.9146857856134618,0.007256099899681102,16.598427574784445,0.007088900919641995,16.62006541901256,0.00676325312547901,17.01897723267424,0.19549946372510485,,
2,26.600470468729327,,,56323.743196197946,0.15002614284905097,0.9146778126456592,0.007247542440198969,16.599075067460774,0.007080558757460206,16.618426254177542,0.006754942914642856,16.836652616675995,0.18000512523120082,,
3,27.62455796253198,,,56323.74266425969,0.14998024256586112,0.9146731521760588,0.0072429272148550865,16.599429351518467,0.0070760641088486636,16.61753058592781,0.006750460167724544,16.74208766718699,0.17872252077686382,,
4,29.63803483837546,,,56323.74229849496,0.14994841441429857,0.9146694341533222,0.007239729228989968,16.5996767692542,0.00707295955384676,16.61690486828862,0.006747358425566889,16.681239715830362,0.1838030976890297,,
5,30.593575814513315,,,56323.74267418549,0.14998334047259193,0.914673497577244,0.007243216564425731,16.599409042039117,0.007076341860398117,16.617581216363234,0.006750734518945055,16.758667009783572,0.18217237409417658,,
