comb,m1,m2,m3,Tmax,Tmax_err,st,st_err,gmax,gmax_err,rmax,rmax_err,Jmax,Jmax_err,Hmax,Hmax_err
0,-1.4506029010383372,4.063147098961679,,1004.1331029010383,0.08680058005201718,0.5816282130831275,0.015588304970653985,18.100298640827287,0.007073597482373467,18.054946611201462,0.007048083820234369,18.113557407639686,0.06280457683571376,18.288363501158567,0.09760994686277466
