comb,m1,m2,m3,Tmax,Tmax_err,st,st_err,gmax,gmax_err,rmax,rmax_err,Jmax,Jmax_err,Hmax,Hmax_err
0,-1.4495317249176196,4.064218275082396,,1004.1320317249176,0.08636851894859912,0.5834196660518466,0.017200445578159727,18.10020169514226,0.007100562655588447,18.05577225352664,0.00699678225261609,,,18.280081432484987,0.09717453096022419
