comb,m1,m2,m3,Tmax,Tmax_err,st,st_err,gmax,gmax_err,rmax,rmax_err,Jmax,Jmax_err,Hmax,Hmax_err
0,-1.4526655785682578,4.061084421431758,,1004.1351655785683,0.08840064868244556,0.5816719775622139,0.01588872293623575,18.099918549247786,0.0072038677897365904,18.056009560420637,0.0071779125938697605,18.096914853398474,0.0637782855244401,,
