comb,m1,m2,m3,Tmax,Tmax_err,st,st_err,gmax,gmax_err,rmax,rmax_err,Jmax,Jmax_err,Hmax,Hmax_err
0,-1.446522185439676,,,1004.1290221854397,0.09297874568389883,0.5834310407862401,0.018510731787894946,18.099535536428487,0.007639316787892368,18.057868222575003,0.0075297259559095496,18.104533168465785,0.08143964175616546,18.233729918680467,0.22038705862815458
1,9.586486923702637,,,1004.1235130762974,0.5530360591586364,0.5821350543980125,0.03223528620452644,18.10197460675237,0.007656643661189497,18.050802260988252,0.007541745950614305,18.115548649823715,0.16157985232609323,18.309903065652968,0.13833496011982255
