comb,m1,m2,m3,Tmax,Tmax_err,st,st_err,gmax,gmax_err,rmax,rmax_err,Jmax,Jmax_err,Hmax,Hmax_err
0,-4.943259100262367,,,57054.29748132248,0.07017478754320389,1.0052457317318642,0.010150916050027034,15.71443634380487,0.006742374808215606,15.646650791921507,0.007898252292728643,16.074232542320015,0.039957689450784595,,
1,-2.935434901242843,,,57054.29610156791,0.0700714834891604,1.0046916432102226,0.010116984419451837,15.714038919595614,0.006737727399795818,15.646652430353416,0.007887962571097177,16.085963715490532,0.047783295900002354,,
2,-1.9187788853960228,,,57054.296112218726,0.07007377333024155,1.0046939481717503,0.010117396128355043,15.714027334657013,0.006737935892560131,15.646679860191057,0.007888226697540359,16.097407259482555,0.03434124594095552,,
3,0.07789556315401569,,,57054.296104436835,0.530072117386035,1.004692349096042,0.010117099966401533,15.714036301221944,0.006737784043988618,15.64665899480559,0.007888034710267142,16.096211002720526,0.0870937923839115,,
4,6.053866734473559,,,57054.29602215441,0.5300545988590273,1.0046795604299272,0.01011408799910309,15.71412882237705,0.006736132282796735,15.646445440788407,0.007885986970569808,16.03655845717159,0.1129571933234418,,
5,10.074700936231238,,,57054.296299063775,0.5301127920449006,1.0047216601833904,0.010124087974819928,15.713815317844933,0.006741626262681333,15.647164631524655,0.00789279655779923,16.247842997947505,0.179708114583993,,
