comb,m1,m2,m3,Tmax,Tmax_err,st,st_err,gmax,gmax_err,rmax,rmax_err,Jmax,Jmax_err,Hmax,Hmax_err
0,-4.941534939775011,,,57054.29575716199,0.07018139985048868,1.0044965744508534,0.010127134265224116,15.715058257842466,0.006750315513622499,15.64427332262949,0.007901086189133542,,,16.331622245074115,0.04755932089500231
1,-2.9351644092603237,,,57054.29583107593,0.07017988637463707,1.0045092843452554,0.010127386867927295,15.71494309482557,0.006750037662532426,15.64454178595429,0.007900960356774843,,,16.49309942506869,0.06139267061737659
2,-1.9184619103834848,,,57054.295795243714,0.07018271680918119,1.004508587961139,0.010127737732035047,15.715005589929717,0.0067503096273935125,15.64440339964304,0.007901225542478723,,,16.383304433891038,0.042387749899181024
3,0.07821295603207545,,,57054.29578704396,0.5301833780921369,1.0045085476951154,0.010127823381115154,15.715019111221345,0.006750371727838352,15.644373721681093,0.007901287738953735,,,16.3560289373426,0.06914426177046731
4,6.0541168264026055,,,57054.29577206248,0.5301841119499672,1.0045082523096818,0.010127905885628865,15.715043361181095,0.006750441623074236,15.644318702745371,0.007901348169266685,,,16.269057552128398,0.09343615854723339
5,10.075188694194367,,,57054.29581130581,0.5301815865002981,1.0045078983541684,0.010127566969988504,15.714984228644564,0.006750212929754162,15.644449386328807,0.007901121264107146,,,16.290180964663612,0.09978601525379308
