comb,m1,m2,m3,Tmax,Tmax_err,st,st_err,gmax,gmax_err,rmax,rmax_err,Jmax,Jmax_err,Hmax,Hmax_err
0,-4.941687955637462,,,57054.295910177854,0.06985602642709875,1.0046070294558493,0.010082915914755158,15.713888244962037,0.006717056249147306,15.646922563918116,0.007863660920826014,16.073506721749105,0.03980849385993328,16.294074900752506,0.047321174100555995
1,-2.9351899954490364,,,57054.29585666212,0.06986106619529407,1.0046026558216008,0.010083456266919366,15.713996930960281,0.006717577297927647,15.646685494473202,0.007864150757885782,16.091119216319687,0.04764250801951253,16.46086578580697,0.06109407258105426
2,-1.9185831418435555,,,57054.295916475174,0.06986488112311828,1.0046101722338543,0.010084295417284436,15.71390700070299,0.006717909106355498,15.64688596081185,0.007864645483020048,16.097902012794176,0.03424158890368441,16.345366585570318,0.04217865759121839
3,0.07808724999631522,,,57054.29591274999,0.5298621022293608,1.0046091319872394,0.010083857157627689,15.713905752015348,0.0067176409074497165,15.646887851173,0.00786433192347903,16.0940716428148,0.0869858815672894,16.307726155269965,0.06889803593052181
4,6.054088594763016,,,57054.29580029412,0.5298322159785714,1.0045887761765087,0.010078796628569059,15.71402096814866,0.006714820465016746,15.646619814250919,0.007860874718389924,16.03114525623738,0.11276434601327397,16.22418268172961,0.09304947117045936
5,10.074799981877732,,,57054.29620001813,0.5299315561539272,1.0046578819757845,0.023835689832710685,15.713602630891895,0.006724196118543538,15.647584460274244,0.007872396716164236,16.230510542267872,0.17937771745299125,16.240282190428942,0.09947160139587412
