comb,m1,m2,m3,Tmax,Tmax_err,st,st_err,gmax,gmax_err,rmax,rmax_err,Jmax,Jmax_err,Hmax,Hmax_err
1,-3.2072356974022114,,,53646.50440236408,0.5274215176013644,0.8512372587150161,0.006489314751917467,14.856916318094466,0.009232033052222347,15.059533973073172,0.006433845315230853,,,15.69946511124463,0.042810929355696865
2,1.7916124251205474,,,53646.50438757488,0.527425847032984,0.8512390241778889,0.006489722174931229,14.856917982274343,0.009232583235192026,15.059537685766188,0.0064342464451712465,,,15.67403640472783,0.09653083309334919
3,6.821834475020296,,,53646.50441552498,0.52741339573631,0.8512416700050939,0.0064885383190219845,14.856898708815082,0.009230870708831367,15.059601264142925,0.00643308227944496,,,15.68224733317749,0.08661487093223003
4,10.76318878368329,,,53646.504477882976,0.5274038563037488,0.8512422421298393,0.006487665736498877,14.856869916630984,0.00922966500956019,15.059673503088332,0.006432229347668459,,,15.702455065453421,0.07997512674761509
5,13.82752478220209,,,53646.50447521779,0.5274077187997324,0.8512408825872211,0.006488036797237282,14.856878395010185,0.009230209011880772,15.059646803653536,0.006432597415491328,,,15.687611283846186,0.08268935284084683
6,21.799290461167402,,,53646.5043762055,0.527436793730765,0.8512380638245157,0.006490772710066209,14.856937068062704,0.009234093123007199,15.059487975068716,0.006435283937761913,,,15.540797796018095,0.07316708399303652
7,30.826838167959068,,,53646.504411832044,0.5274288370560097,0.8512378771198851,0.006490035312611669,14.85691994655708,0.009233065851228156,15.059531918320074,0.006434560505206522,,,15.665742825667065,0.1007248507650766
8,33.779109944465745,,,53646.5045567222,0.527382986512596,0.8512436113217292,0.006485706642462235,14.8568293739206,0.009226894552052266,15.059780303902295,0.006430308862269629,,,15.910483743602926,0.1294111938044353
9,34.83400863517454,,,53646.50449136482,0.5274042751193877,0.8512407383406361,0.006487719290595153,14.85687132304665,0.009229768569015306,15.059664685810471,0.006432285554097208,,,15.791142423057389,0.11010802230608363
