comb,m1,m2,m3,Tmax,Tmax_err,st,st_err,gmax,gmax_err,rmax,rmax_err,Jmax,Jmax_err,Hmax,Hmax_err
1,-3.2232273409778145,,,647.0182273409779,0.06846984733642358,0.8513967441272119,0.0065864479670940685,14.857120727558199,0.009367540407492027,15.060409668177508,0.006529307053743238,15.461920929138017,0.030645510354439045,15.69429846787604,0.04340237169806256
2,1.776612758450483,,,647.0183872415496,0.528426490181262,0.851386116162111,0.006582471198944585,14.857050148776363,0.00936209378391512,15.060553948840036,0.0065253393088403515,15.495072518469517,0.09457289045661084,15.659454993689701,0.09758946576672561
3,6.7959600185618,,,647.0190399814383,0.5282509979854186,0.8513404806666739,0.020306394280900912,14.856765255438116,0.009340109991439716,15.061128608446412,0.006509287615394822,15.674694778067522,0.12449091475522477,15.660939554280965,0.08747936452882395
4,10.74643228168361,,,647.0185677183164,0.13838208424206414,0.8513659630861318,0.020318475755344786,14.856981688183847,0.009356758918507431,15.060664763895266,0.006521311066296257,15.583754153599836,0.17081285450242278,15.687018449278233,0.0809588294085089
5,13.816702586659744,,,647.0182974133404,0.13845488112141247,0.851384798824575,0.020325145256806443,14.857099827943836,0.009365879994476222,15.06042633253467,0.00652796983679056,15.534018678702505,0.20809169535495914,15.670899999048373,0.08381434287865802
6,21.787595643628492,,,647.0174043563715,0.13869323067163497,0.8514519511167613,0.020346931064824787,14.857483780052306,0.009395585776100727,15.059669729737855,0.006549746697040168,15.347005459003256,0.15771912238981964,15.537862021812993,0.07422628309418276
7,30.816150225101865,,,647.0188497748982,0.1383002016822058,0.851357200756534,0.00657086862742245,14.856843544663636,0.00934617000848354,15.060983019151669,0.006513772877585957,15.681191488732887,0.15810881523077425,15.651727274027655,0.10182227580726483
8,33.76617251473067,,,647.0188274852693,0.13831527480677702,0.8513423125770296,0.006572408236543009,14.856875827289386,0.009348555816523196,15.060858430313608,0.00651522469895382,15.722259125953338,0.18617331243696303,15.907768835190847,0.13095275109716376
9,34.815837232904414,,,647.0191627670957,0.13821989638037446,0.8513285358638204,0.006563576977611326,14.856716308497457,0.009336314644241532,15.061215229108159,0.006506457469581255,15.783221443837435,0.1805585869179107,15.783673755631266,0.11113264543390515
