comb,m1,m2,m3,Tmax,Tmax_err,st,st_err,gmax,gmax_err,rmax,rmax_err,Jmax,Jmax_err,Hmax,Hmax_err
1,-3.205960427367245,,,53646.503127094045,0.5277093582615593,0.8515999111848839,0.0065135576136727685,14.857069162870635,0.009261274875230227,15.060238734690317,0.006459432931756747,15.46156953237784,0.030318070150096264,15.693961717059505,0.0429644169854035
2,1.792737793410197,,,53646.50326220659,0.5276730329095274,0.8515916980073597,0.0065102360053225965,14.85700441806916,0.009256718412857069,15.060378252964474,0.006456111555959821,15.493756129285183,0.09408818931084108,15.658478238611131,0.09672506899645336
3,6.822363562074315,,,53646.503886437924,0.5275004581715512,0.8515487076451254,0.020234401326054585,14.856729944494647,0.009235028686597719,15.060940820013874,0.0064402986321392295,15.669764560884296,0.12374503675861542,15.660529745546134,0.08663235948764056
4,10.76421490629582,,,53646.50345176036,0.5276317568295452,0.8515718087787143,0.020246549707214317,14.856937591504563,0.009251833000064002,15.060489115167002,0.006452390389691668,15.582372549825752,0.16948057096831445,15.687529883013717,0.08019746984457987
5,13.82879854222847,,,53646.50320145777,0.5277022307013646,0.851589253027939,0.020253016070189866,14.857052217758362,0.009260690542999488,15.060254417656619,0.006458852612574979,15.53403864198779,0.20582858906569557,15.671413511002022,0.08295301501328113
6,21.801351458445424,,,53646.50231520822,0.5279389013835946,0.8516560538053138,0.020274659941975578,14.857433780366177,0.009290197733319537,15.059502305900926,0.006480491246793872,15.347934542118338,0.15600012891382634,15.538362210251785,0.07352267860538457
7,30.827499155340774,,,53646.50375084466,0.5275478700954942,0.851561974644249,0.006498762415972384,14.856796763691712,0.009241014330570107,15.060810023224082,0.006444674621962508,15.680876668481458,0.15643397489571834,15.652225745979772,0.10079033855706256
8,33.77993516211427,,,53646.50373150455,0.5275622310185294,0.85154686352758,0.00650023456267163,14.856827883672764,0.009243303472204463,15.06068766526536,0.006446061092645332,15.722541283025079,0.184279370170257,15.908264279297391,0.12959790268320442
9,34.834434438933386,,,53646.504065561065,0.527466865152651,0.8515332679323455,0.006491400493139957,14.856668555229284,0.00923105976295835,15.061044542754523,0.00643728862861231,15.783438744892289,0.17878351029586156,15.783936585168869,0.11008258967308324
