comb,m1,m2,m3,Tmax,Tmax_err,st,st_err,gmax,gmax_err,rmax,rmax_err,Jmax,Jmax_err,Hmax,Hmax_err
2,-10.06882525011315,,,57015.415047472336,0.05728478886871554,1.1119749633927025,0.009639768909478425,12.041185391035214,0.003660653475154865,11.935499319401698,0.005329787320945415,12.494333969177472,0.04942410824320875,,
3,5.8980532528148615,,,57015.414502302745,0.517313849610635,1.1119379132355933,0.009642986286064924,12.041341481295921,0.003662173593421154,11.935172003461368,0.005332289597268708,12.135869862158609,0.10471240674866863,,
4,6.933901052150759,,,57015.41429894784,0.5173215622256275,1.1119385569369498,0.009644085567263021,12.041420757237576,0.003662626443940843,11.9350149942961,0.00533298564620661,11.992718346384507,0.11061191871922346,,
5,7.942779727556626,,,57015.41433138356,0.5173201761874748,1.1119386007807388,0.009643888822611862,12.04140816610066,0.003662545074948795,11.935039902464869,0.005332860480845874,12.016024218357362,0.12213028695919238,,
6,34.881985007581534,,,57015.41468165909,0.12730688055702793,1.1119384370887961,0.009642029331743976,12.041270752634992,0.0036617701548253526,11.93531225730604,0.005331663211926488,12.297816854897983,0.13515917898589763,,
7,37.96996523570124,,,57015.41470143097,0.12730634921382036,1.1119379792579083,0.009641945686524708,12.041263247806167,0.0036617379253237286,11.935326922633722,0.00533161531077709,12.31906476367752,0.15618885351183803,,
8,44.88522652811662,,,57015.41444013855,0.12731617558514008,1.1119382164855087,0.00964332016785016,12.041365799840857,0.003662310676486655,11.935123871175842,0.005332499614821924,12.109074612052224,0.1948571216750638,,
9,45.9071900519848,,,57015.41447661468,0.12731464016429658,1.1119385053150628,0.009643112561986918,12.041351308633454,0.0036622221389570188,11.935152705025018,0.005332361481347741,12.136696323722143,0.23845006048227696,,
10,48.88620349105622,,,57015.41457428672,0.12731099359534176,1.1119383445335087,0.009642600453029974,12.041313008736884,0.003662009281890012,11.935228500721228,0.005332033377842004,12.213949570176165,0.5285355488862563,,
