comb,m1,m2,m3,Tmax,Tmax_err,st,st_err,gmax,gmax_err,rmax,rmax_err,Jmax,Jmax_err,Hmax,Hmax_err
2,-10.068875932331139,,,57015.41509815455,0.0572825183163505,1.1119262361717164,0.009637920465484775,12.04108422993089,0.0036602383269548457,11.935663603344782,0.005329544995749462,12.494469338699643,0.04942210700107336,12.44691305881684,0.07759615803287538
3,5.898035872771288,,,57015.41451968279,0.5173059308390606,1.11191012248005,0.00964064317067146,12.041324918794169,0.003661511874170661,11.935181079443057,0.005331620564254117,12.134124298283098,0.10469602627544385,12.394558700480015,0.08549121232712445
4,6.933987953270844,,,57015.41421204672,0.5173193394496458,1.1119019896196916,0.009642273900303241,12.041452738148868,0.0036622534886235794,11.934925066886711,0.00533281359781972,11.993100112242024,0.11059684001272702,12.418220842608251,0.0837469949668385
5,7.9428425819278345,,,57015.41426852919,0.5173168272253339,1.11190299857864,0.009641946934305767,12.04142959728147,0.003662111502442078,11.93497093793688,0.005332589658622281,12.016136081345133,0.12211164447865264,12.398712277731489,0.0893020006914509
6,34.881933156408195,,,57015.41473351026,0.12729787299334622,1.1119170832367578,0.009639779372058689,12.04123628637852,0.0036610848826314902,11.935359883118078,0.005330905543528794,12.300375181888853,0.13512134111636234,12.485689299997171,0.08271211869188777
7,37.969925862802484,,,57015.41474080387,0.12729782558161426,1.1119177897195163,0.009639806853982587,12.041233368646827,0.003661087531588729,11.9353663359832,0.00533090065600483,12.320803859289049,0.1561509726544793,12.539442263490217,0.09702556660026074
8,44.88529098552681,,,57015.41437568114,0.12731277973791943,1.1119074805061855,0.009641550252812141,12.04138526159192,0.003661902159406497,11.935061665878637,0.005332228012496656,12.109104738813533,0.19483352524582176,12.512868502859725,0.11289579582707006
9,45.90721510898584,,,57015.41445155768,0.12730934632589352,1.111908980872755,0.009641106862393778,12.041353562422833,0.003661708315420213,11.935124481782895,0.005331923717272355,12.136110962352529,0.2383952179251286,12.468630795728288,0.116068715854421
10,48.88622268813924,,,57015.414555089636,0.12730551991329978,1.1119127562304825,0.00964071729277548,12.041310686175711,0.0036615085130573552,11.935211492676661,0.005331583270561833,12.213389993233362,0.5284101978172392,12.54404775309507,0.13729370707441135
