comb,m1,m2,m3,Tmax,Tmax_err,st,st_err,gmax,gmax_err,rmax,rmax_err,Jmax,Jmax_err,Hmax,Hmax_err
2,-10.068400470969209,,,57015.41462269319,0.057337785151570966,1.1118335547640208,0.009643589607127225,12.041546702424526,0.003663078202935172,11.934751475728005,0.005333911299097877,,,12.446381519643577,0.07764393462013801
3,5.8979497695181635,,,57015.41460578604,0.517338121708838,1.111835258697095,0.009643692999444608,12.041552701771645,0.0036631058765726416,11.93474059564531,0.005333942789004604,,,12.406337719907615,0.08550970018222803
4,6.9335821147833485,,,57015.41461788521,0.5173378502624637,1.1118345287542297,0.009643633404650938,12.041547871252801,0.0036630872581883433,11.934749440706797,0.005333919708488596,,,12.425589548077681,0.0837519742305952
5,7.9425011544444715,,,57015.41460995667,0.5173381495482757,1.111834868398232,0.009643688427540797,12.041551070655618,0.0036631066475371326,11.93474327237804,0.005333946631287149,,,12.406105754431428,0.08931122650804646
6,34.8820103630278,,,57015.41465630364,0.12733636199718457,1.111831718879972,0.009643312338829027,12.041534368789742,0.0036629837197398396,11.934774846733985,0.005333781378592763,,,12.484778778149952,0.08273460949597912
7,37.969989462893864,,,57015.41467720378,0.12733556023363954,1.1118302955553712,0.009643143163957776,12.041526753189137,0.0036629288339400097,11.934789139918509,0.005333707779648303,,,12.54166371428078,0.09703695516698076
8,44.88500603078137,,,57015.414660635885,0.12733609240200777,1.111831615874026,0.009643265918508136,12.041532672853867,0.0036629669193873524,11.934778124404612,0.005333756852415587,,,12.518240610098937,0.112909610364562
9,45.90702828346548,,,57015.4146383832,0.12733696836386846,1.1118330786582684,0.009643447598128,12.041540814229087,0.003663026626711215,11.934762820357186,0.0053338373002831205,,,12.47436729715932,0.11609242780694151
10,48.88609989610268,,,57015.41467788167,0.12733548343431558,1.1118303507300114,0.009643132862375139,12.041526441099265,0.0036629243344656857,11.934789775731831,0.005333700744310876,,,12.54974073644141,0.13734558233810884
