comb,m1,m2,m3,Tmax,Tmax_err,st,st_err,gmax,gmax_err,rmax,rmax_err,Jmax,Jmax_err,Hmax,Hmax_err
0,-8.950249698274206,3.038000301725674,,1022.6677496982744,0.19699065709581223,0.9518475159224765,0.029170138743568115,17.513770846687052,0.04146785702342593,17.441287021661974,0.032376399299518174,17.77444001890424,0.09463907124288783,17.888661842093722,0.10826305712398314
1,-8.999936335520033,8.493813664479944,,1022.7174363355202,0.18696224251718596,0.9557452549573264,0.022707139256611143,17.52000155035848,0.03224079922312929,17.427694358394007,0.02660937900219488,17.734241831020743,0.07277694266769873,17.764103341495552,0.08718734085925664
2,15.038590010060943,20.54409001006104,,1022.655409989939,0.2770560994234263,0.9571606659475743,0.04425210761307925,17.522119435982138,0.04268754642684216,17.440134180202335,0.03396789263734842,17.63646893296987,0.1925646457621899,17.828597401300154,0.1274520667575812
