comb,m1,m2,m3,Tmax,Tmax_err,st,st_err,gmax,gmax_err,rmax,rmax_err,Jmax,Jmax_err,Hmax,Hmax_err
1,15.038050149468404,,,1022.6559498505316,0.2784618605090312,0.9535729433145458,0.044605068795828554,17.516201603707316,0.04356222375673983,17.440055897218446,0.03416174356493205,17.71228429392512,0.316985553830979,17.945465859173243,0.17490707917095102
2,26.06671837957697,,,1022.6382816204232,0.26533545929726743,0.9790106677178843,0.04042663627958328,17.563707891358433,0.034036055688356534,17.432254378709022,0.030156997958451438,17.549801292889757,0.1853751232737265,17.723111280370503,0.13467202205233691
