comb,m1,m2,m3,Tmax,Tmax_err,st,st_err,gmax,gmax_err,rmax,rmax_err,Jmax,Jmax_err,Hmax,Hmax_err
0,-8.970667827263242,10.681154394956442,34.9836666666597,54022.19066782727,0.20048630978577855,0.9382857528053339,0.02495914296387622,17.494324043324266,0.03490091746306262,17.430967814553256,0.03057030384729507,,,17.867034912656518,0.09463236030239895
