comb,m1,m2,m3,Tmax,Tmax_err,st,st_err,gmax,gmax_err,rmax,rmax_err,Jmax,Jmax_err,Hmax,Hmax_err
0,-8.959914910323278,,,54022.17991491033,0.20114280144734406,0.9332587874879292,0.025105166304661794,17.486135035040608,0.03543220143798499,17.43248988458127,0.030555835805810703,17.773186331048024,0.10080648342514983,,
1,15.016155763805727,,,54022.1756442362,0.27108413488687333,0.9330972248201419,0.025077848532352728,17.486438019314573,0.035407312088215834,17.430493717805142,0.030524537449044892,17.70801848943418,0.3245452552939909,,
2,26.02978514059214,,,54022.173881526076,0.2709444546725211,0.9330656651165683,0.025053573526455018,17.48735748342354,0.035375653386617995,17.427945508890165,0.03049342475303665,17.606318169101787,0.23937616203386455,,
