comb,m1,m2,m3,Tmax,Tmax_err,st,st_err,gmax,gmax_err,rmax,rmax_err,Jmax,Jmax_err,Hmax,Hmax_err
1,15.05136494745068,,,1022.6426350525493,0.2558288803859451,0.9778441337869215,0.02559561625016282,17.56201153895117,0.0327964344469268,17.434687573530066,0.02891374744488097,17.715114939775543,0.23404291862516488,,
2,26.06404198945154,,,1022.6409580105486,0.2596966522592702,0.9782948616225126,0.026048265409046853,17.563655759314464,0.0333187336774312,17.431721200582587,0.029427084601936195,17.567074178938146,0.18203160915258862,,
