comb,m1,m2,m3,Tmax,Tmax_err,st,st_err,gmax,gmax_err,rmax,rmax_err,Jmax,Jmax_err,Hmax,Hmax_err
0,-8.95538712018606,3.030512879813614,,54022.175387120195,0.19554119016244081,0.9314836602338027,0.024228123889724056,17.486086481318207,0.034412091218709286,17.42645971035724,0.029621219196286165,,,17.944683645378255,0.11100927089476485
1,-9.047983213291445,8.443850120038405,,54022.2679832133,0.19795907498156673,0.9414597770130912,0.020870236073151173,17.500443391255228,0.028740436880034706,17.417705409157342,0.02623993784335675,,,17.80690748319131,0.09408010109142245
2,15.008678804886586,20.514612138216762,,54022.18312119512,0.2758320118993747,0.9360853643189677,0.02573397158295183,17.491488011479184,0.036095168067052104,17.42952109677664,0.03134165677847397,,,17.836292342036106,0.13379629924017156
