comb,m1,m2,m3,Tmax,Tmax_err,st,st_err,gmax,gmax_err,rmax,rmax_err,Jmax,Jmax_err,Hmax,Hmax_err
0,-8.966582757533047,10.688083909133525,34.987499999999955,1022.6840827575332,0.1979031220011247,0.9462924639101072,0.028469126495988203,17.50815583611036,0.041586606899171846,17.436312284641538,0.032075179829841954,17.75349001055734,0.08620854788841194,,
