comb,m1,m2,m3,Tmax,Tmax_err,st,st_err,gmax,gmax_err,rmax,rmax_err,Jmax,Jmax_err,Hmax,Hmax_err
1,15.035985844798688,,,1022.6580141552013,0.28000816502109827,0.9512960099243685,0.030923299611542398,17.51485529546521,0.04402456548494315,17.43615507562211,0.03426513643706508,,,17.989092264471463,0.1769972270801648
2,26.048126602128264,,,1022.6568733978719,0.28011437896503,0.9510364844366016,0.030914360127132008,17.515157224554287,0.04405257423179113,17.43441283002811,0.03425724911434074,,,17.703322751991795,0.1861284738338769
