comb,m1,m2,m3,Tmax,Tmax_err,st,st_err,gmax,gmax_err,rmax,rmax_err,Jmax,Jmax_err,Hmax,Hmax_err
0,-8.950400540122018,3.0378494598778616,,1022.6679005401222,0.1676216751680774,0.9707822664244911,0.022655578897326546,17.550054919984962,0.029910879895378148,17.430292009684397,0.025681242794571155,17.748158366785656,0.07092047886092687,17.902921276248886,0.07682925471790644
1,-8.981775913665842,8.511974086334135,,1022.699275913666,0.2030368862547114,0.9541094312491948,0.029062332480403637,17.517559701441616,0.041578806917748755,17.443268641528192,0.03304215276790288,17.73529082645093,0.09169381937891481,17.764413626124828,0.11196198900274178
2,15.05745837531913,20.562958375319226,,1022.6365416246808,0.2601094188287407,0.9794918709468055,0.03939536694797579,17.56323434968995,0.032807185430131836,17.434224169140673,0.029209830585520166,17.617434316634967,0.14778811616470383,17.826118735210684,0.09578799468280665
