comb,m1,m2,m3,Tmax,Tmax_err,st,st_err,gmax,gmax_err,rmax,rmax_err,Jmax,Jmax_err,Hmax,Hmax_err
0,-8.96177617637295,,,54022.18177617638,0.2000581055751851,0.9340887612607589,0.025009067037155098,17.485988023361042,0.03520752762747167,17.435842679081876,0.030425797115713204,17.755592745607473,0.10024393773816728,17.84842373254101,0.1539987335080351
1,15.01824920927902,,,54022.17355079073,0.27024532038064714,0.9338316968575319,0.038738812742224696,17.487307640391155,0.035214830350299625,17.430516804261895,0.030411856903005647,17.693687209894602,0.32247245721777074,17.932406998322133,0.1748018429941731
2,26.031804428828764,,,54022.17186223784,0.26989713837599505,0.9340317464680288,0.03869921486840124,17.488297898036098,0.035136623733891634,17.428561341622874,0.030357363425553743,17.590298258445298,0.23773442762226007,17.650497992683153,0.18518741581209497
