comb,m1,m2,m3,Tmax,Tmax_err,st,st_err,gmax,gmax_err,rmax,rmax_err,Jmax,Jmax_err,Hmax,Hmax_err
0,-8.957306195523415,,,54022.17730619553,0.20205811553730452,0.931919435134687,0.025143443191463836,17.48730403281535,0.03563032819055613,17.425150728618807,0.030633671815451884,,,17.91581241382197,0.15615911800558951
1,15.015490221434447,,,54022.17630977857,0.27187527823820334,0.9322221107833584,0.02513413876888611,17.48669561646348,0.03558349088807962,17.42734799545899,0.030616279928615642,,,17.975737753916324,0.17680544975006243
2,26.028525787449325,,,54022.17514087922,0.27204466737788036,0.9320050728119652,0.025141992098133017,17.487062176501443,0.03561738459937473,17.425575364861732,0.030628844542957126,,,17.663750501587813,0.1882270837890772
