comb,m1,m2,m3,Tmax,Tmax_err,st,st_err,gmax,gmax_err,rmax,rmax_err,Jmax,Jmax_err,Hmax,Hmax_err
1,15.038623570829373,,,1022.6553764291706,0.27845784394737183,0.9533440653119377,0.044578626115430925,17.515903407358564,0.043561903069919375,17.43990319675517,0.03413949728149684,17.712057912342228,0.31714242079172833,17.945363485085064,0.17495889813874418
2,26.051744774834447,,,1022.6532552251657,0.2780379465858172,0.953575998633038,0.044523772226596654,17.517107569221842,0.043443060084933774,17.43756728067546,0.03407341770793477,17.58916814331451,0.2373073239643523,17.684211706810036,0.1826242617883491
