comb,m1,m2,m3,Tmax,Tmax_err,st,st_err,gmax,gmax_err,rmax,rmax_err,Jmax,Jmax_err,Hmax,Hmax_err
0,-8.993627875526727,10.658194346692957,34.9836666666597,54022.213627875535,0.1891577226462316,0.935533837680913,0.023294156964998394,17.489865967123038,0.033083014580019485,17.43370082354954,0.028931689041641503,17.72219442551839,0.08324204807076976,17.81479470269657,0.09070457582029737
