comb,m1,m2,m3,Tmax,Tmax_err,st,st_err,gmax,gmax_err,rmax,rmax_err,Jmax,Jmax_err,Hmax,Hmax_err
0,-8.978244342681137,10.673577879538547,34.9836666666597,54022.19824434269,0.1909590728154847,0.9301562990045213,0.02359801547024742,17.48374385949384,0.03382837090231709,17.429296139520027,0.02908840520372297,17.737436564721833,0.08403871783408526,,
