comb,m1,m2,m3,Tmax,Tmax_err,st,st_err,gmax,gmax_err,rmax,rmax_err,Jmax,Jmax_err,Hmax,Hmax_err
0,-8.964149953644664,3.0217500463550095,,54022.18414995365,0.18989491647257387,0.9323662120221008,0.023686365191420825,17.48535440142848,0.03357145483224995,17.43155657557595,0.028955489456036453,17.751910981230868,0.09122007916693335,17.885393458402543,0.10821786851771079
1,-8.996336103424255,8.495497229905595,,54022.21633610343,0.19625663697760928,0.9362025138328692,0.02409015866473458,17.487531064881278,0.034156500843199905,17.432952202532622,0.029918605014308753,17.721780797192213,0.08960461549743995,17.75429466492569,0.1128161802154294
2,15.012723507716146,20.518656841046322,,54022.17907649229,0.26704998140838987,0.9369982463978731,0.038317013682556536,17.491611016263892,0.03440964768229309,17.431867119108016,0.02997794598618203,17.62982077757329,0.19286872433857283,17.8093268512867,0.1280977407972411
