comb,m1,m2,m3,Tmax,Tmax_err,st,st_err,gmax,gmax_err,rmax,rmax_err,Jmax,Jmax_err,Hmax,Hmax_err
0,-8.986748826554503,10.667917840112068,34.987499999999955,1022.7042488265547,0.1973565751630458,0.9599488440338825,0.024655197729944695,17.528347394200907,0.03409321508416024,17.423523208487268,0.028257251738677772,,,17.87987961315308,0.0747601429557376
