comb,m1,m2,m3,Tmax,Tmax_err,st,st_err,gmax,gmax_err,rmax,rmax_err,Jmax,Jmax_err,Hmax,Hmax_err
0,-8.964047965593636,3.021852034406038,,54022.1840479656,0.19507886374461544,0.9329818618758559,0.024447879255773117,17.48632620962622,0.03454991090826198,17.431409094563048,0.029777506248861187,17.766571117631212,0.09357576292751517,,
1,-8.975938808755018,8.515894524574833,,54022.19593880876,0.19698924696892334,0.9299133107006604,0.024233816993502535,17.483449525451963,0.0347625901450906,17.428947494052338,0.029880027425012643,17.74012743734015,0.08987878811482383,,
2,15.017207803713973,20.52314113704415,,54022.174592196294,0.26570683999718214,0.9326272620218431,0.02431452502319372,17.486275731059017,0.03440966473163273,17.42910647380627,0.029659824593910093,17.638687147088703,0.19337086868035214,,
