comb,m1,m2,m3,Tmax,Tmax_err,st,st_err,gmax,gmax_err,rmax,rmax_err,Jmax,Jmax_err,Hmax,Hmax_err
0,-3.8815652068151394,,,53705.194165206805,0.050734575703929995,0.8331761990929843,0.004485266903557618,15.531635687053882,0.004183899257505084,15.683533565310187,0.0037659970442978676,16.095298685503035,0.02576586287126449,16.220788079499478,0.04152000525376377
1,3.1463956601000973,,,53705.19393767325,0.5107266070443245,0.8331794831119145,0.0044843248392664155,15.531665106027006,0.004182889209472066,15.683447426390769,0.0037651058954906486,16.118734818544425,0.09657175159934912,16.30061114407352,0.08636880661701891
2,4.141767641413026,,,53705.19389902526,0.5107293037870888,0.833182208076611,0.004484525645732213,15.531678021132594,0.004183083986809033,15.6834159416521,0.0037652954726383977,16.103884498558777,0.10253763056074013,16.255244900372517,0.09436381527126718
3,9.157183043047553,,,53705.19461695696,0.5107162531820245,0.8331520558651025,0.004484091758816165,15.531514022562375,0.004182812349327816,15.683842908572315,0.003764891607453489,16.25108154671001,0.14818655890543192,16.276300671508967,0.090460875340819
4,10.149122317539877,,,53705.19427768246,0.5107183885274934,0.8331641216726707,0.018223942916125245,15.531584154357576,0.004182590267610258,15.68365772276542,0.003764754954238818,16.20971175420805,0.17067526176694184,16.25813481482049,0.08620017832968037
5,45.16160804753599,,,53705.19399195246,0.1207268648720607,0.8331781492825766,0.004484401443354351,15.531656003603368,0.004182981363057947,15.683472957986172,0.0037651817016874788,16.28305543357022,0.5859560387905733,16.26891722118934,0.21854386835228654
