comb,m1,m2,m3,Tmax,Tmax_err,st,st_err,gmax,gmax_err,rmax,rmax_err,Jmax,Jmax_err,Hmax,Hmax_err
0,-3.8873720719707308,,,705.6973720719707,0.050619362171486416,0.8330988806242627,0.00447409711733846,15.531675955340292,0.0041714349782492,15.683239348525618,0.00375400606568349,16.096858215719614,0.025683979550677943,,
1,3.142981868538868,,,705.6970181314612,0.5108000663433679,0.8331486296552181,0.004489923104324952,15.531602413795767,0.004186723477153246,15.683441960889242,0.003768021664376278,16.118696534257722,0.09659475490916075,,
2,4.138053775786375,,,705.6969462242137,0.510800959706995,0.8331508220107415,0.0044899336571287375,15.531622240069206,0.004186719309468001,15.683389610224738,0.0037680298930062722,16.10418439729873,0.10255838147494789,,
3,9.152536921889464,,,705.6974630781106,0.510794571197336,0.8331352188017761,0.004489859948658007,15.531479968746122,0.0041867506996294025,15.68376546312836,0.003767973234700383,16.25895148832347,0.14820656680232555,,
4,10.142703058764596,,,705.6972969412354,0.5107966283252985,0.8331401510649168,0.004489884125350236,15.531525703522062,0.004186740726890058,15.68364454877268,0.0037679912096527752,16.219088772194837,0.1706748422070739,,
5,45.15697804059607,,,705.697021959404,0.12080002530240683,0.8331484946598976,0.004489922862174036,15.5316013981879,0.004186723853074485,15.683444623680387,0.0037680213500760527,16.287468148609605,0.5862493383807197,,
6,51.127368327601175,,,705.6976316723988,0.12079251955465502,0.8331301163522519,0.0044898389518844735,15.531433559839238,0.00418676356679028,15.683888090889035,0.0037679570855028446,16.43072961806173,0.8100698508599081,,
