comb,m1,m2,m3,Tmax,Tmax_err,st,st_err,gmax,gmax_err,rmax,rmax_err,Jmax,Jmax_err,Hmax,Hmax_err
0,-3.8811636803875444,,,53705.19376368038,0.05055290610211818,0.8329588472303836,0.0044695968067226186,15.532017714174737,0.004168103207312631,15.682278186512649,0.0037507185899681504,,,16.238354050953845,0.04135553337869903
1,3.14628204395558,,,53705.19405128939,0.5105558460467174,0.8329550295012164,0.004470137826986917,15.531956519468556,0.0041688937803391595,15.682452054843791,0.0037514382943809044,,,16.326233907666527,0.08613401409644855
2,4.141678923668223,,,53705.193987743005,0.5105542889966562,0.8329555956803532,0.004469942588680023,15.531972403152741,0.00416868771784128,15.68240776374471,0.0037512550293590336,,,16.27868942638482,0.09409812457807148
3,9.157654662463756,,,53705.19414533754,0.5105607492435688,0.8329557462363871,0.004470639697635699,15.531923850427312,0.004169224337359589,15.68254349122714,0.003751710049256003,,,16.305727116911736,0.09021468103034161
4,10.149260444253741,,,53705.194139555744,0.510560484562135,0.8329555609732965,0.004470614850403677,15.531924666659817,0.004169203344182617,15.68254171702897,0.003751689554181628,,,16.287186729267713,0.08596578605059145
5,45.16157432813634,,,53705.19402567186,0.12055479528283652,0.8329553239727933,0.004470020209942668,15.531963086485804,0.004168773622630361,15.682434043369666,0.00375133154003489,,,16.292290698479604,0.21782116717428088
