comb,m1,m2,m3,Tmax,Tmax_err,st,st_err,gmax,gmax_err,rmax,rmax_err,Jmax,Jmax_err,Hmax,Hmax_err
0,-3.8875177946250687,,,705.697517794625,0.05071793586566933,0.8331685960625007,0.004482870177722099,15.53163635813765,0.004180238709356882,15.683447951115436,0.0037623023192078987,16.09523927331793,0.02573776505151389,16.22086580408468,0.0414792731679655
1,3.143160509107588,,,705.6968394908924,0.5108909327004433,0.8332209889081459,0.004497711343740876,15.531618128045702,0.004194454876469561,15.683490482211509,0.0037753712012423284,16.119119476264167,0.09668314461862335,16.300849663505563,0.0865513808371331
2,4.138198061888829,,,705.6968019381112,0.51089336069363,0.8332237711537248,0.004497887468642579,15.531630711579623,0.00419462851313494,15.683459593702356,0.0037755425125778567,16.104391454015452,0.1026578186272909,16.255484575627847,0.09456685410225713
3,9.152478259788495,,,705.6975217402115,0.5108805564074401,0.8331936603042538,0.0044974825521628655,15.531466032402166,0.004194383798208453,15.683888216466642,0.003775160376962695,16.251985819214795,0.14837644996221683,16.276357059633167,0.09066539910141871
4,10.142813910116502,,,705.6971860898835,0.5108829776578763,0.8332058307212309,0.01823735667494384,15.53153598692645,0.004194180552526979,15.683702981820602,0.003775043029787965,16.21056124656623,0.17087950453418768,16.25813127650293,0.08638963518341684
5,45.15710822255596,,,705.6968917774441,0.12089123084465807,0.8332197044045875,0.004497789988069409,15.531609131737957,0.004194550446790623,15.683515252707966,0.0037754504006116546,16.283418255731046,0.5871068319732157,16.269326208981177,0.21900196577967407
