comb,m1,m2,m3,Tmax,Tmax_err,st,st_err,gmax,gmax_err,rmax,rmax_err,Jmax,Jmax_err,Hmax,Hmax_err
0,-3.8870722893655056,,,705.6970722893655,0.05089899173079899,0.8332177737376266,0.004498659316460169,15.531589933845032,0.004195462547314509,15.68357485531449,0.0037762609604458435,16.095281943198543,0.025831124469702132,16.220843797024386,0.04163172647142137
1,3.1431563491879615,,,705.6968436508121,0.5108905426824516,0.8332209264567408,0.004497677607130869,15.531618031633583,0.0041944210701930695,15.68349080714391,0.0037753408050634043,16.11912547743834,0.09668274998303109,16.300844794189366,0.08655084644036432
2,4.138193206768392,,,705.6968067932316,0.510893355700382,0.8332235740557898,0.004497889812207035,15.531630628503427,0.004194626505908894,15.68345991101469,0.0037755398788590997,16.104397528746386,0.10265776630681143,16.255479706837868,0.09456681019915603
3,9.152474046087832,,,705.6975259539122,0.5108805685591151,0.8331934492662686,0.004497485973306794,15.531466024806027,0.004194382252653729,15.683888282802567,0.003775158153646776,16.251991676800642,0.14837638914322882,16.276353381619828,0.09066536867217524
4,10.14280935058332,,,705.6971906494167,0.510882975682061,0.833205684949971,0.018237359113571557,15.531535950072104,0.004194178594569667,15.683703199422668,0.003775040613580058,16.210572402636277,0.17087939439003347,16.258124380483423,0.08638959241383776
5,45.15710393921063,,,705.6968960607894,0.12089122235864952,0.8332195599113597,0.004497791210142052,15.531609165295272,0.004194547390042464,15.683515288073554,0.003775447099517417,16.28341845262929,0.5871065854356254,16.269325630810403,0.2190017039569578
