comb,m1,m2,m3,Tmax,Tmax_err,st,st_err,gmax,gmax_err,rmax,rmax_err,Jmax,Jmax_err,Hmax,Hmax_err
0,-3.8866617998343145,,,705.6966617998343,0.0507170514179168,0.833001610779037,0.004482989273831897,15.531971926439406,0.004179619231343144,15.682320544795225,0.0037608998575237237,,,16.238380054955297,0.0414664778985857
1,3.1430907943797592,,,705.6969092056203,0.5107220008780334,0.8329996733246614,0.004483656854760175,15.531909826129242,0.004180343252341379,15.68249485269486,0.0037615399648101054,,,16.32645037989062,0.08631385284816272
2,4.1381536630428855,,,705.6968463369572,0.51072059957873,0.83300018807182,0.004483474236333068,15.531925616804548,0.004180147386418393,15.682450525426205,0.003761366632234634,,,16.278913261485215,0.09429905752721039
3,9.152961667330942,,,705.6970383326691,0.5107248850005266,0.8329985614272039,0.004484033197788824,15.53187740445006,0.004180746068491815,15.682585816736193,0.003761896111433968,,,16.30578011924301,0.09041790161471575
4,10.142964227123116,,,705.6970357728769,0.510724824425843,0.832998610103176,0.004484025431334909,15.531878047402673,0.004180737880411158,15.682584041351344,0.0037618888472041217,,,16.287165029587783,0.08615355834972255
5,45.15711668726249,,,705.6968833127376,0.12072142265517927,0.8329998765032184,0.0044835813977941825,15.531916334757552,0.004180262366115403,15.68247657212441,0.00376146837642222,,,16.292722570072673,0.21827702718359462
