comb,m1,m2,m3,Tmax,Tmax_err,st,st_err,gmax,gmax_err,rmax,rmax_err,Jmax,Jmax_err,Hmax,Hmax_err
0,-3.881886092836794,,,53705.19448609283,0.05045539268788238,0.8330546616554149,0.004460684109300996,15.53172086240535,0.004159912006673801,15.68319751653886,0.003743859365219051,16.096872323572153,0.02561879398222496,,
1,3.146219225025561,,,53705.19411410832,0.5106363284816293,0.833106894777215,0.00447658194636674,15.531649252574155,0.0041752102385484565,15.683398859977784,0.003757811646107294,16.11830761483149,0.09648403180431533,,
2,4.141625757874863,,,53705.1940409088,0.5106371007002616,0.8331091429949048,0.004476581328160712,15.53166931542374,0.004175195855156188,15.683346136217,0.0037578106647414753,16.10367252290527,0.10243849916131945,,
3,9.157242159701127,,,53705.1945578403,0.5106303723217537,0.8330935117209207,0.004476474679982564,15.531527361319984,0.004175195993069488,15.683721394732899,0.0037577262563262843,16.258041563266243,0.14801683178189123,,
4,10.149011608176806,,,53705.19438839182,0.5106322096226257,0.8330982201001312,0.004476480925334128,15.531573275888226,0.004175172225677942,15.683600441101271,0.0037577301200810514,16.218230268794017,0.17047086332694422,,
5,45.16148114882526,,,53705.19411885117,0.12063584650344941,0.8331068229248467,0.004476542566587642,15.531648135427117,0.004175173601173128,15.683402206165892,0.0037577784711794967,16.28709984112783,0.5850861519388898,,
6,51.126936407308676,,,53705.194730259354,0.12062837396259998,0.8330883418047569,0.004476460921921751,15.531480023675934,0.004175215773661644,15.6838463869146,0.0037577161276756226,16.43060519957063,0.8078271553254006,,
