comb,m1,m2,m3,Tmax,Tmax_err,st,st_err,gmax,gmax_err,rmax,rmax_err,Jmax,Jmax_err,Hmax,Hmax_err
0,-5.093900221625518,,,57029.22801133274,0.07224049523829291,1.048972420175236,0.00839207908157777,15.839267102150412,0.004180030045538881,16.01606138472402,0.0059527398962502115,16.616640584369737,0.033546320439442195,,
1,-0.11833637950621778,,,57029.227891935065,0.07200386623838295,1.0488051222491517,0.008359301926358718,15.839165987003772,0.00416684492140498,16.01620190099337,0.005931291188996488,16.646385852602656,0.037408034150329936,,
2,1.897198489816219,,,57029.2280237324,0.5320068944303199,1.0487980842327809,0.008359565370483364,15.839074580410378,0.004167109072170079,16.016451218920587,0.005931534912638724,16.705799111410798,0.09426313667479903,,
3,2.85621514738159,,,57029.22800707484,0.5320064286310264,1.0487992139397238,0.008359535479672796,15.83908633547922,0.004167069494057433,16.016419955692452,0.005931500654663163,16.689442406998175,0.09640221806603909,,
4,21.839069547495455,,,57029.22826378584,0.14201320332764536,1.0487849336703634,0.008360126885155948,15.838907829549179,0.004167637690035877,16.016906692670805,0.005932041547524842,16.908858030410453,0.16785095516435042,,
