comb,m1,m2,m3,Tmax,Tmax_err,st,st_err,gmax,gmax_err,rmax,rmax_err,Jmax,Jmax_err,Hmax,Hmax_err
0,-5.093506880803034,,,57029.22761799192,0.07173375352285676,1.048682953996503,0.008321683928543717,15.839806245352943,0.004151753547235608,16.014328810672865,0.00590717967307945,,,16.847368518090754,0.049056942061791425
1,-0.11820638085191604,,,57029.22776193641,0.07178026448767345,1.0486676708625782,0.008326596788013405,15.83972169335843,0.004154579727043872,16.01455163451472,0.005910948359547091,,,16.916042864408233,0.05436793898545651
2,1.8973564617845113,,,57029.22786576043,0.5318152148071623,1.0486561318609515,0.00833028320144329,15.839658596719708,0.004156702202217974,16.014717177633518,0.005913777100439333,,,17.018625553500097,0.09751120969945706
3,2.856315173783514,,,57029.22790704844,0.5318297502887668,1.0486516636016934,0.008331832579405793,15.839632825131412,0.004157582198960029,16.01478567721659,0.005914957343652143,,,17.05573000564382,0.09496856144628031
4,21.839391051784332,,,57029.22794228155,0.1418415931073128,1.048647296941369,0.008333060101359096,15.83961224736053,0.004158304218993225,16.01483894483853,0.005915911159422573,,,16.908955092778264,0.0732721654373883
