comb,m1,m2,m3,Tmax,Tmax_err,st,st_err,gmax,gmax_err,rmax,rmax_err,Jmax,Jmax_err,Hmax,Hmax_err
0,-5.094107872842869,,,57029.22821898396,0.07249533587903186,1.0487154620873083,0.008412524540763676,15.839025714622602,0.004195867318065655,16.016487179911604,0.005971310515175852,16.617654313907583,0.03365757371338235,16.81468879514737,0.04958698035970312
1,-0.11859709087730153,,,57029.228152646436,0.07244962225660576,1.0487236068217225,0.008407509104156224,15.839066821025236,0.004193156472532008,16.016385141775167,0.005967568285855483,16.648654950473055,0.03763811624322268,16.88259609985836,0.054888994557405056
2,1.8969814084775862,,,57029.22824081374,0.5324146511916278,1.048724806835262,0.008403689139268688,15.838997020913844,0.004191163798738183,16.016583756128572,0.005964723488478306,16.705490642249796,0.09451173848296787,16.963110713610245,0.09817127702434089
3,2.8560514156051795,,,57029.228170806615,0.5324010238660188,1.0487294769102833,0.008402211180665056,15.839044541209939,0.004190323114425342,16.016458076710933,0.005963606052755906,16.691467632611236,0.09665488558677804,17.003570273835575,0.0955807059818789
4,21.83881707359251,,,57029.22851625974,0.14238831461973883,1.048717901127379,0.022140833423619433,15.838792534104094,0.004189785201045432,16.017149998232306,0.005962606194273261,16.87898823796155,0.16862668923543,16.864865565870808,0.07376964095731446
