comb,m1,m2,m3,Tmax,Tmax_err,st,st_err,gmax,gmax_err,rmax,rmax_err,Jmax,Jmax_err,Hmax,Hmax_err
0,-3.98370394216181,,,56025.28845394216,0.08184357888985085,0.8532364404581136,0.015825520043443807,18.961718960321527,0.011977814050953899,18.93664496497374,0.010278671442005496,19.32188030421326,0.07097078015834854,18.988407961212587,0.28014091033618427
1,-2.978732989577111,,,56025.288107989574,0.08197614468359789,0.8534162986493193,0.01584680495852457,18.963507182566076,0.011992960341874035,18.930236179064234,0.010291828717802659,19.373575324117468,0.11720438184501501,19.38763310870765,0.22273795417055572
