comb,m1,m2,m3,Tmax,Tmax_err,st,st_err,gmax,gmax_err,rmax,rmax_err,Jmax,Jmax_err,Hmax,Hmax_err
0,-2.9972807549856952,-3.4995932549863937,,56025.30665575498,0.08795431592555453,0.851847306742911,0.01704884272934069,18.968466761128767,0.012935176369886786,18.90738266191106,0.01107122506391621,,,19.417386521545847,0.19041818624695667
