comb,m1,m2,m3,Tmax,Tmax_err,st,st_err,gmax,gmax_err,rmax,rmax_err,Jmax,Jmax_err,Hmax,Hmax_err
0,-2.9889135636549327,-3.491226063655631,,56025.29828856365,0.08334941549237045,0.8526698625840032,0.016134909668498225,18.964213447899752,0.012226529175497897,18.925553142230115,0.010481194555413216,19.436515279321437,0.062083304673630955,,
