comb,m1,m2,m3,Tmax,Tmax_err,st,st_err,gmax,gmax_err,rmax,rmax_err,Jmax,Jmax_err,Hmax,Hmax_err
0,-3.876906328830046,,,1041.69190632883,0.06937923234636745,0.7458885334700155,0.007849563518962916,15.90881869656491,0.007199989200627676,15.989242071092407,0.006280213137676543,16.263854860928095,0.03744273512937244,,
1,0.03593881153665279,,,1041.689061188463,0.5298370869777059,0.7455942177361773,0.007904381734843376,15.908671774898904,0.007246013417747684,15.98919860147614,0.0063222600533471675,16.26709997408504,0.10322769195111252,,
2,1.9961637999967934,,,1041.6888362000034,0.5298641618935191,0.745597304986868,0.007907263326474906,15.908775199386461,0.007248543302180255,15.988941046744449,0.006324380425029643,16.209436450171747,0.11357210274498526,,
3,4.060983187968304,,,1041.689016812032,0.5298412538828018,0.74559539689128,0.007904802992225861,15.908688669296929,0.00724638540182549,15.989157418284346,0.006322567700702483,16.25899217652655,0.1471786491739975,,
4,6.056566467460698,,,1041.6894335325392,0.5297915090291697,0.7455897028379687,0.007899511214812067,15.90849682895663,0.007241739436675148,15.989635609922138,0.006318677084040101,16.3719566160067,0.1678130418085219,,
5,12.046585594741828,,,1041.688414405258,0.13991763417011632,0.7456013627748869,0.007913018087636127,15.908979568686336,0.007253586066916964,15.988429621114529,0.006328613414362925,16.171886126238412,0.26302400182866215,,
6,16.02635028077634,,,1041.6886497192238,0.13988398277491207,0.7456010270245582,0.007909322555876687,15.90885373380686,0.007250357649141442,15.98874735333027,0.006325890773753355,16.234382892844312,0.21687473787508313,,
7,29.043898112106717,,,1041.6886018878934,0.1398912395719715,0.7456007182338351,0.007910131395295549,15.908881700551454,0.007251061749191142,15.988676134284505,0.006326485323276528,16.275381762348896,0.2338308168667789,,
8,33.03553259662749,,,1041.6884674033722,0.13990734032562846,0.7456026868601923,0.007911840543902232,15.908942709910955,0.007252563443711987,15.98852458384542,0.006327743757661357,16.2679883629925,0.3690989884986068,,
9,36.99143596953968,,,1041.6885640304606,0.13989505264439556,0.7456015750166857,0.00791052239503392,15.908897022685858,0.007251406787919335,15.988638531354807,0.006326771921230143,16.31461666539487,0.45245678424542435,,
