comb,m1,m2,m3,Tmax,Tmax_err,st,st_err,gmax,gmax_err,rmax,rmax_err,Jmax,Jmax_err,Hmax,Hmax_err
0,-6.4623087459701765,,,1550.13480874597,0.05697943164937629,1.044059526591685,0.00885732850034741,14.71741713001385,0.0046585731526650135,14.895439081532215,0.004969592261927185,,,15.656067309513162,0.0692160115757431
1,-5.375029641311812,,,1550.1350296413118,0.05701051231096657,1.0440596508537903,0.008862693796098496,14.717380188520393,0.00466141322802078,14.89555625574961,0.004972562454886538,,,15.779340289126159,0.043775163069496886
2,-1.4798985716727202,,,1550.1348985716725,0.05701039874436754,1.0440571997590076,0.008862294278057098,14.717396720977282,0.004661286136440343,14.89548872522547,0.004972467847583702,,,15.70161736167643,0.06752291621204495
3,3.525017330727678,,,1550.1349826692724,0.5170047265454715,1.0440590611699252,0.00886162986816631,14.717387044069747,0.004660885049818545,14.895532090047363,0.004972014183705482,,,15.713837823782237,0.09329765995019701
4,4.569930735323169,,,1550.1350692646768,0.517014302113268,1.0440585351993719,0.008863316285484328,14.71737488258248,0.0046617718508374754,14.895573897932904,0.004972926249110994,,,15.74591481265025,0.09479462268925573
5,9.499576225588271,,,1550.135423774412,0.5170534200462574,1.044056137267372,0.008870191794139668,14.717325182307428,0.0046653954846490675,14.895744644515704,0.004976652205468924,,,15.886176665027172,0.08698797903288331
6,31.514783381677717,,,1550.1352166183224,0.12703069732861216,1.0440579098093357,0.008866217462324284,14.717354111496455,0.004663288611930919,14.895645514740226,0.004974487647765365,,,15.754342642187227,0.08092636495613068
7,35.45965375507376,,,1550.1353462449263,0.12704482094937042,1.0440566834511722,0.0088686812665611,14.717336043030757,0.004664599159824683,14.895707346661426,0.0049758335212652305,,,15.863520366104147,0.07738030988537851
8,40.4898993435047,,,1550.1351006564953,0.12701749352220165,1.0440580443669891,0.008863863838883825,14.717370565372441,0.004662070761516578,14.895588545417615,0.004973231828548754,,,15.771439534779915,0.09531392063496905
