comb,m1,m2,m3,Tmax,Tmax_err,st,st_err,gmax,gmax_err,rmax,rmax_err,Jmax,Jmax_err,Hmax,Hmax_err
0,-6.46313977513023,,,1550.1356397751301,0.057333590927627236,1.044273094825797,0.008928383472113513,14.717004101385283,0.004687377876269106,14.897084692372227,0.005000725218623117,15.563068344106892,0.04353682184139147,15.63088819543382,0.06964806067844596
1,-5.374662135767949,,,1550.134662135768,0.05727852777830569,1.0442971298314994,0.0089191684778937,14.717107311510114,0.004681678558111703,14.896746663279831,0.004995007458577156,15.514783485378073,0.028864014066259245,15.759325632589821,0.04398864590714297
2,-1.4804513590145234,,,1550.1354513590143,0.05733905785388696,1.0442752006808842,0.008929142416772985,14.717017564937585,0.004687661402605013,14.897027227189373,0.005001100852486994,15.583032677029712,0.04299526016148484,15.674430728966566,0.06791289876475083
3,3.5245287309201103,,,1550.13547126908,0.5173172484460662,1.0442791157215037,0.008925844178899495,14.717017119689684,0.004685844194917848,14.897044981376602,0.004999172575655792,15.585660550060714,0.10000781497495645,15.679937218198413,0.0937089715710717
4,4.569834868370208,,,1550.1351651316297,0.5172990541362432,1.0442862133896387,0.00892275303992829,14.717050559164818,0.004683973942434566,14.896935752671272,0.004997288929876354,15.57047807162993,0.1027786046151499,15.714610960224912,0.09517525947439263
5,9.500900950037021,,,1550.1340990499632,0.5172339146278533,1.0443112570694453,0.02265171420942184,14.717166617275549,0.0046773143769814705,14.896558020504719,0.004990578179284172,15.535667213362244,0.14560871659539365,15.8634142176884,0.08722303782468423
6,31.51559596967786,,,1550.1344040303222,0.12725770168765355,1.0443036333370856,0.00891569133272123,14.717134431485322,0.004679646795697844,14.896660527260751,0.004992944314769307,15.57382185260671,0.11885249146913379,15.746745111896034,0.0811869615974086
7,35.46070055713312,,,1550.134299442867,0.12724661423237502,1.0443064882828768,0.008913860983275441,14.717144897989417,0.00467860364782866,14.896628441714377,0.0049918787733254505,15.592933330394331,0.12134297339510748,15.865022773246878,0.07763301755213559
8,40.489759787521734,,,1550.1352402124783,0.12730083352288907,1.0442847070428132,0.00892308472873538,14.717041842794336,0.004684209928120001,14.896965334974785,0.004997518218291253,15.65086071711038,0.180285296441069,15.758241039735571,0.09576338312531547
