comb,m1,m2,m3,Tmax,Tmax_err,st,st_err,gmax,gmax_err,rmax,rmax_err,Jmax,Jmax_err,Hmax,Hmax_err
0,-6.461144741282624,,,54549.633061407956,0.057241913076252905,1.0435719037816888,0.008882465630434988,14.716788142174444,0.0046889860893751046,14.8968670452031,0.004998948167149085,15.56286828053561,0.04352415418978858,15.630922584529557,0.06960816512987379
1,-5.373276405240176,,,54549.632076405236,0.05718434740384792,1.0435959626208269,0.00887289633699661,14.716890999733835,0.0046830682077433836,14.896529684745135,0.004993002848425599,15.51467503689397,0.028841434761111964,15.75929462399296,0.04390513965443707
2,-1.4803696257222327,,,54549.63286962572,0.05724976058971778,1.0435737915516852,0.00888360093788981,14.716801097924513,0.0046894712867640576,14.896809286849047,0.00499953924590817,15.583022667158296,0.04300112337685134,15.674271938090316,0.06786444459932643
3,3.527938551873376,,,54549.63289478146,0.5172247568715321,1.043577765463209,0.008879813907250499,14.716800456540353,0.0046873893713238945,14.896828392903325,0.0049973267441463754,15.585614887453733,0.10001710517146424,15.679459000830324,0.09362666732689534
4,4.575581868739391,,,54549.63258479792,0.5172055289095175,1.0435848539994,0.008876564648232567,14.716834218136901,0.004685426517262155,14.89671814752669,0.004995346832682956,15.570096940084744,0.10278634426931872,15.714030846909258,0.0950892597259288
5,9.506661197920039,,,54549.631505468744,0.5171376418089129,1.0436100516590376,0.022605123155311463,14.71695129877416,0.00467851452547796,14.89633786850099,0.0049883768397606205,15.534517327114958,0.14559787136755484,15.86300342548437,0.08702261650309326
6,31.515986036596587,,,54549.6318139634,0.12716253277651102,1.0436024617623032,0.008869266907527623,14.716918847459597,0.00468094568242046,14.896441253421674,0.004990845769372105,15.572818843179508,0.11874542640346489,15.745960273634822,0.08114736070641683
7,35.45979513393104,,,54549.63170486607,0.12715093708425093,1.0436053735074318,0.008867358418060169,14.716929776174421,0.004679853655366063,14.89640762686745,0.004989730099219338,15.591476164844877,0.12116100899143717,15.864076032004276,0.0774920072447959
8,40.49435323529906,,,54549.6326467647,0.12720817937724904,1.0435839439212098,0.008877042900362215,14.71682692187442,0.0046857180713958235,14.89674391027261,0.004995642130014361,15.6490065031175,0.18045388567834028,15.756910671086708,0.09561966279771682
