comb,m1,m2,m3,Tmax,Tmax_err,st,st_err,gmax,gmax_err,rmax,rmax_err,Jmax,Jmax_err,Hmax,Hmax_err
0,-6.463500984443272,,,1550.1360009844432,0.05631846088246303,1.0444104067782651,0.008768815420322046,14.71729248955869,0.004602589221789002,14.896540873768368,0.004912512796849483,15.56872681926848,0.04276322102906306,,
1,-5.375121120450785,,,1550.1351211204508,0.05713908700945029,1.0442227568362583,0.008892838553158361,14.717138224810887,0.004671127405330143,14.896590144599614,0.004983589865947479,15.51516268324357,0.02879850674076181,,
2,-1.4804181504557619,,,1550.1354181504555,0.05717030444053602,1.0442214776431453,0.00889837846390657,14.717094873705356,0.004674048135640926,14.896732314530652,0.004986621620639341,15.588707890067333,0.042873038471905454,,
3,3.5245094583963237,,,1550.1354905416038,0.5171605648361114,1.0442217384475638,0.008896928707077333,14.71708722128542,0.00467330269643583,14.896768142047577,0.004985804016798409,15.593801163491243,0.0998765061733029,,
4,4.569592205780964,,,1550.135407794219,0.5171555972729898,1.0442223892518472,0.008896009895555272,14.717098890143998,0.004672799339028291,14.896727548141316,0.004985292850702789,15.576981320164792,0.10265301347282484,,
5,9.499845102395966,,,1550.1351548976043,0.5171413885132553,1.0442240493352624,0.008893347542256225,14.717133788451598,0.004671348372372236,14.896606247076267,0.004983821899458856,15.538960099001446,0.14545899257824257,,
6,31.514864628510622,,,1550.1351353714895,0.12714138239986839,1.044226765018719,0.00889347413370921,14.717136255219222,0.0046713198992922745,14.896598968860461,0.004983807996630416,15.574861211331253,0.1186688615449891,,
7,35.45981654332172,,,1550.1351834566783,0.12714389396639564,1.0442256118091184,0.00889390064633009,14.717129455996664,0.004671583715907393,14.89662220358547,0.004984070948730113,15.586976925050315,0.12116465457523878,,
8,40.489535765614164,,,1550.1354642343858,0.12716009642931675,1.044225045195312,0.008897001958446588,14.717090752372373,0.004673225581960291,14.89675736536293,0.004985742543988533,15.655629878677619,0.1799198735801965,,
