comb,m1,m2,m3,Tmax,Tmax_err,st,st_err,gmax,gmax_err,rmax,rmax_err,Jmax,Jmax_err,Hmax,Hmax_err
0,-6.461477230892342,,,54549.633393897566,0.056234517702985425,1.0437062488176259,0.008723818848699423,14.717076767568157,0.004604718092437148,14.896323151029435,0.004911293745569303,15.568530769002061,0.042755688362673315,,
1,-5.373736224551976,,,54549.63253622455,0.05704870777211921,1.043522740708632,0.008847370394323982,14.716922060308018,0.004672801338260492,14.89637338303791,0.004981901502966349,15.515055977569258,0.028777793293457216,,
2,-1.4803358064455097,,,54549.63283580644,0.057082210207707165,1.0435211713712114,0.008853236477117435,14.716878626260165,0.004675920957888953,14.896514953728959,0.00498514175425107,15.588692830464526,0.04287950938072926,,
3,3.5279218393552583,,,54549.63291149398,0.5170701507680202,1.0435213279001476,0.008851417784251466,14.71687087940158,0.004674984224448375,14.89655112681491,0.004984117997182178,15.593754438233635,0.09988734707526067,,
4,4.575339731534768,,,54549.63282693512,0.5170649132136189,1.0435220204279574,0.008850460319528347,14.716882776239451,0.004674455839923807,14.896509817444276,0.004983580928321685,15.576597169619594,0.10266316370311798,,
5,9.5055988629465,,,54549.63256780372,0.5170508981663948,1.0435240001667587,0.008847848507547662,14.716918331847676,0.0046730102099219175,14.896387188277144,0.004982121456741536,15.537799298570933,0.14545781349735554,,
6,31.515251154436555,,,54549.63254884556,0.12705091680919547,1.0435267082590707,0.008847978891993104,14.716920706996628,0.004672984557007626,14.89638021786792,0.0049821101798514685,15.573850097616546,0.11857024125953275,,
7,35.45890522278205,,,54549.63259477722,0.12705341330832115,1.0435255637552319,0.00884839808793879,14.716914223209242,0.004673245195556123,14.896402360230802,0.004982370283906774,15.5855111756186,0.12099255436845466,,
8,40.49412546456733,,,54549.63287453543,0.12707031056509338,1.0435250454371179,0.008851593645489656,14.71687573196972,0.004674946212501871,14.896536775919852,0.004984103933121791,15.653767670338013,0.18009552044387428,,
