comb,m1,m2,m3,Tmax,Tmax_err,st,st_err,gmax,gmax_err,rmax,rmax_err,Jmax,Jmax_err,Hmax,Hmax_err
0,-6.4636564620111585,,,1550.136156462011,0.056495488775907265,1.0444573858424024,0.008800756884308794,14.71719143811729,0.004617055211682859,14.896918581001914,0.004927829075557283,15.56281633020962,0.042895892678806266,15.631118320038132,0.06862825517367951
1,-5.374632693931289,,,1550.1346326939313,0.05727385923308226,1.0442891137511314,0.00891814488750848,14.717106380873156,0.004681319773526467,14.896754690819302,0.004994571708950723,15.51477612045059,0.02886144359677938,15.759331140136801,0.043984115029641835
2,-1.480391224846926,,,1550.1353912248467,0.0573392875409186,1.0442685969589478,0.00892877911114233,14.71701685704584,0.004687690604105627,14.89702645505373,0.005001114644856531,15.583034414042377,0.04299573390612282,15.674424374061722,0.06791307957838649
3,3.5245870537228257,,,1550.1354129462773,0.5173167853559946,1.044270682163261,0.008925266013881085,14.717016466587,0.004685821770578221,14.897043747900241,0.004999123120838228,15.58564997843329,0.10000787931941235,15.679937199917605,0.09370789205464936
4,4.5698888211386475,,,1550.1351111788613,0.5172986815496374,1.044278556735347,0.008922242219801438,14.717049707113416,0.004683958869757742,14.896935541624664,0.004997250069230857,15.570466825807843,0.10277865590441904,15.714611120007975,0.09517429975304718
5,9.500944092042573,,,1550.1340559079576,0.5172345504921109,1.0443057949546102,0.022651514384678852,14.717165016340125,0.0046773858076855895,14.896561506780944,0.004990638444765592,15.535682870055203,0.1456103242570567,15.863394658032082,0.08722269486622902
6,31.51565329758205,,,1550.134346702418,0.12725876647426795,1.04429988361949,0.0089156410384629,14.717134116740361,0.004679735661563373,14.896660291684938,0.004993033221993505,15.573832082350359,0.1188538957892046,15.746730752182968,0.08118837515268812
7,35.46076037570151,,,1550.1342396242985,0.12724731029974054,1.0443024356107542,0.008913727215467827,14.717144880020301,0.004678660173669652,14.896627126987536,0.004991932602967334,15.592886572854232,0.12134395307595311,15.865042043967339,0.07763342886626828
8,40.48981871177443,,,1550.1351812882256,0.12730160566140108,1.0442798877185395,0.008922921260506835,14.717041501392075,0.004684277265434777,14.89696464354549,0.004997579694696278,15.650858610686903,0.1802896171327432,15.75822253597636,0.09576395753279232
