comb,m1,m2,m3,Tmax,Tmax_err,st,st_err,gmax,gmax_err,rmax,rmax_err,Jmax,Jmax_err,Hmax,Hmax_err
0,-6.460314835763711,,,54549.63223150244,0.05688917833645842,1.0433605954764713,0.008812148189139286,14.717201238726496,0.004660221614407464,14.895222319877972,0.004967895222076258,,,15.656112468389122,0.06917765149880772
1,-5.373648207838414,,,54549.632448207834,0.05692155950080456,1.043360932459961,0.008817707785209877,14.717164149399691,0.004663172485507815,14.89533955775022,0.004970982804606642,,,15.779322659166192,0.043696759416196426
2,-1.479817895371525,,,54549.63231789537,0.05692258616297071,1.0433581377836498,0.008817477022986527,14.717180718835403,0.004663142194399122,14.895270995686523,0.0049709908875179894,,,15.701434755582229,0.06747630265670006
3,3.5284283974106074,,,54549.632404935925,0.5169143975887723,1.043359946508325,0.008816412004610863,14.717171025296729,0.0046625340651122935,14.895314473921655,0.004970314056468094,,,15.713359009218314,0.09321846859912425
4,4.575675250474887,,,54549.63249141618,0.516924254185131,1.0433594522089005,0.008818136030328915,14.717158895482704,0.004663445078394666,14.895356228572386,0.004971251750969978,,,15.745321193774034,0.0947135752280356
5,9.505321265241946,,,54549.63284540142,0.5169654213422817,1.0433574203417657,0.008825324646796797,14.717109244142929,0.0046672432591394674,14.895527700500104,0.004975163828704148,,,15.885694406974826,0.0867991788855749
6,31.515163047872193,,,54549.63263695213,0.126942111748314,1.043359187956866,0.008821273319294226,14.71713829186514,0.004665082603721228,14.895428216670455,0.00497294411136903,,,15.753503303815041,0.08089507825918953
7,35.458733367217064,,,54549.632766632785,0.12695652523487702,1.0433579771666264,0.00882377235526104,14.7171202536731,0.004666419727316018,14.89548993068777,0.0049743170869182415,,,15.862498064772725,0.07724901791819314
8,40.49448055012181,,,54549.63251944988,0.12692846785677447,1.0433593326132578,0.008818858383017728,14.717154918560368,0.004663824500943052,14.895370669639874,0.004971646631052793,,,15.770063738327972,0.09517708588232407
