comb,m1,m2,m3,Tmax,Tmax_err,st,st_err,gmax,gmax_err,rmax,rmax_err,Jmax,Jmax_err,Hmax,Hmax_err
0,-3.654164425402996,,,55930.965164425405,0.03248085765341031,0.8078485714968753,0.004201894830170963,14.918954540891393,0.005170212050356756,14.56287088120945,0.004191675350474197,14.38557901721075,0.03590120645782146,14.465718651244561,0.037503515573103295
1,-1.6658283851647866,,,55930.96516171849,0.03248017657978413,0.8078487803874851,0.004201807393848939,14.918962716653473,0.0051701038461041985,14.56286025159868,0.004191580781965195,14.385007445418644,0.038758887647971266,14.463390527882565,0.049414521832207285
2,1.3251070145706763,,,55930.965115207655,0.49248163321054667,0.8078462388993392,0.004202018831698209,14.919013178131985,0.00517036151494395,14.562783089194339,0.004191735530477945,14.39405298791105,0.09452956884089941,14.542025708152845,0.12211393434848399
3,2.3086250504638883,,,55930.965041616204,0.49248383416658403,0.8078492045185567,0.004202305304696537,14.91910600817701,0.005170731310148363,14.562650961839685,0.004191983300571422,14.350597670551597,0.09632686558830506,14.526061624040917,0.12293983418844184
