comb,m1,m2,m3,Tmax,Tmax_err,st,st_err,gmax,gmax_err,rmax,rmax_err,Jmax,Jmax_err,Hmax,Hmax_err
0,-3.6537938895926345,,,55930.964793889594,0.03245926536762002,0.8076047582096378,0.004199926404678818,14.91934898059653,0.0051673744158973935,14.561966534648773,0.004188501868523269,,,14.473230742471207,0.03750889550716583
1,-1.665465212383424,,,55930.96479854571,0.032458555086003496,0.8076049839033105,0.00419983297782678,14.919347579144532,0.005167258513983598,14.561969763468568,0.004188408829008143,,,14.473152539389593,0.049396928789383454
2,1.3253739869614947,,,55930.964848235264,0.49245718822890244,0.8076072808610187,0.004199635481725725,14.919291956925264,0.005167016201777965,14.56205551616731,0.004188268855499277,,,14.55513447890769,0.12203409011610983
3,2.3088268162391614,,,55930.96483985043,0.4924574156492398,0.8076069227316447,0.0041996681303767885,14.91930095169629,0.005167056287092594,14.562041584441205,0.004188292588684082,,,14.537710700725686,0.12285087011773382
