comb,m1,m2,m3,Tmax,Tmax_err,st,st_err,gmax,gmax_err,rmax,rmax_err,Jmax,Jmax_err,Hmax,Hmax_err
0,-3.6542802879193914,,,55930.96528028792,0.03248303216455865,0.807825965001343,0.0042022954027807645,14.919026096442492,0.00517064870824932,14.562725342943294,0.004191867839968631,14.3869589821919,0.03590379199191282,,
1,-1.6657451459250296,,,55930.965078479254,0.03247910950588356,0.8077807972434674,0.004201956653026217,14.918999468670178,0.0051701421462308625,14.56271142881777,0.004191262813884497,14.386836296342038,0.03875798579944476,,
2,1.3251369885110762,,,55930.965085233714,0.49247893365642603,0.8077805777861745,0.0042019336448136865,14.918990354168221,0.0051701124970611285,14.56272439986321,0.004191244348179354,14.39540977709169,0.09452634248419012,,
3,2.308634677916416,,,55930.96503198875,0.4924804344519024,0.8077819805269731,0.004202131803133723,14.919056630060863,0.005170367247732188,14.562628702194889,0.0041914098847425155,14.351328277304207,0.09632181533223924,,
