comb,m1,m2,m3,Tmax,Tmax_err,st,st_err,gmax,gmax_err,rmax,rmax_err,Jmax,Jmax_err,Hmax,Hmax_err
0,-8.183460562278924,,,54883.28229389561,0.07240671464208069,0.8820159927551631,0.007896053097676282,14.651705173576286,0.007006275240483423,14.707972527453771,0.006518468446894037,15.024134234726896,0.054888887256038035,,
1,2.7388173536528484,,,54883.28134931302,0.5321764170602065,0.8818823204469062,0.007871193488429204,14.651692118516237,0.006985051077906523,14.707895914515529,0.006498252105640001,14.98004833216098,0.10586198897076751,,
2,3.73774553007388,,,54883.281254469926,0.5321861475479536,0.8818866490379078,0.007872202279456942,14.651707606384498,0.006985869016407471,14.707845278190243,0.0064990353622848985,14.9572994897458,0.11632804167626305,,
3,5.739336735692632,,,54883.28116326431,0.5321962741073404,0.8818906200651804,0.007873250995673823,14.651722663680456,0.006986724528098254,14.707794251712096,0.006499851873506572,14.940815495004998,0.13208762725979617,,
4,7.750897916157555,,,54883.28110208383,0.5322024854660741,0.8818934905393827,0.007873897494201962,14.651732379101338,0.006987249126122779,14.707762629581643,0.006500355378422173,14.931869653201096,0.15035984680282977,,
5,9.759343693091068,,,54883.28132297358,0.5321801895945438,0.8818842065315919,0.007871600598469277,14.651695759178716,0.006985389070762158,14.707884358397989,0.006498577263168563,14.992415016754558,0.1953501417878244,,
6,17.731685399150592,,,54883.28064793419,0.14224876372559977,0.8819126210424788,0.00787867273141515,14.651807408483736,0.006991120244255836,14.707513631246162,0.006504055345907526,14.849802815349827,0.20203146243204015,,
