comb,m1,m2,m3,Tmax,Tmax_err,st,st_err,gmax,gmax_err,rmax,rmax_err,Jmax,Jmax_err,Hmax,Hmax_err
0,-8.196792895879753,,,1883.7917928958798,0.07159748145695508,0.8816250063854618,0.007821489852737843,14.651477914094045,0.006948041139929353,14.707856860826515,0.006462644655656499,15.022522997244776,0.054594141146063944,15.249794912397604,0.07444447777241778
1,2.728410418133535,,,1883.7915895818667,0.531608613145876,0.8816347669992625,0.007822575862624494,14.651506740287221,0.00694882162905941,14.707765149869253,0.006463416695470396,14.984847038656111,0.1054698398944435,15.206363921026597,0.09687259284451456
2,3.723508712255807,,,1883.7914912877443,0.5316137775450398,0.8816401113106699,0.007823082805410702,14.651522013401703,0.006949183046206573,14.707716678117297,0.006463778217138609,14.96393944571828,0.11583684635550708,15.172774985032467,0.09820986628154361
3,5.728854684017961,,,1883.7911453159822,0.5316340779918522,0.881654013308445,0.007825057389262617,14.651565208406407,0.006950621212049571,14.70757886264238,0.006465180477997208,14.950481221637174,0.13162527112291844,15.209927724764025,0.10580911608937284
4,7.744060229811794,,,1883.790939770188,0.5316461134398636,0.8816625212602764,0.007826230422715918,14.651591426042721,0.006951475366191162,14.707495276207682,0.006466014532641228,14.93969850637508,0.1497692841432714,15.216213876332743,0.10072108596109078
5,9.753820728346,,,1883.7911792716538,0.5316332565732094,0.8816497912524128,0.02156496938946946,14.65155480103106,0.006950571020029964,14.707611516559444,0.006465112749238016,14.996555822293555,0.1944852393088583,15.264519200198011,0.10901284348101127
6,17.72502594202888,,,1883.7899740579712,0.14170147536354408,0.881707285933741,0.021571648623585564,14.651725141518991,0.0069554098557666295,14.707070077726476,0.006469885592064344,14.850145390809132,0.20098480130462815,15.139947220106922,0.08190240268294674
