comb,m1,m2,m3,Tmax,Tmax_err,st,st_err,gmax,gmax_err,rmax,rmax_err,Jmax,Jmax_err,Hmax,Hmax_err
0,-8.182831782622088,,,54883.28166511595,0.07200757570373137,0.8817274092487357,0.007853247893828878,14.65177817578728,0.0069704255508937765,14.707343498602322,0.006484025321128281,,,15.260327433981011,0.07452790914575864
1,2.738541155180428,,,54883.281625511496,0.5320237811631555,0.8817332170947468,0.00785517670415638,14.651785693477727,0.006971755165746349,14.707324719605984,0.0064854091929416515,,,15.216089195361176,0.09715836019870198
2,3.7374274857575074,,,54883.28157251424,0.5320297917055814,0.8817346778635315,0.007855800797666448,14.651793174345396,0.006972268081465464,14.707299299182434,0.006485894319698132,,,15.179978159326561,0.09849989916423077
3,5.738831337883312,,,54883.28166866212,0.5320181283326281,0.8817316409675613,0.007854383074853536,14.651779637595784,0.00697140772673506,14.707343619561348,0.006484956568611594,,,15.213335081498611,0.10606824863312117
4,7.7502933412688435,,,54883.281706658716,0.5320135555398472,0.8817307053908634,0.007853911788287394,14.65177403227472,0.0069710195276356385,14.707363461023427,0.006484590732476054,,,15.220903871965204,0.1009610730425052
5,9.758850113372318,,,54883.281816553295,0.5320002971592475,0.8817275258079611,0.007852535966918903,14.651758426808913,0.00696988471331831,14.707417473010217,0.006483518388769151,,,15.274326882442521,0.10930002392496725
6,17.730706446876866,,,54883.28162688646,0.14202409319290696,0.8817333745536046,0.007855012846168883,14.651785223325207,0.006971932902930674,14.707325050263464,0.006485454339690149,,,15.146915579768162,0.08209893966789593
