comb,m1,m2,m3,Tmax,Tmax_err,st,st_err,gmax,gmax_err,rmax,rmax_err,Jmax,Jmax_err,Hmax,Hmax_err
0,-8.197251033586326,,,1883.7922510335864,0.07160975272582717,0.8814154829769746,0.0078233567396209,14.651591281311479,0.006951502443952569,14.707117360350212,0.006465048053964237,,,15.258822277745637,0.0745400727249789
1,2.7277788236958713,,,1883.7922211763043,0.5316237635202533,0.8814199673689446,0.007824856199601823,14.651597405422768,0.006952792402781272,14.707099664986075,0.006466268680391134,,,15.216445234957947,0.09696596195947367
2,3.7228310148004766,,,1883.7921689851996,0.5316297317854928,0.8814213922065236,0.007825475433667193,14.651604757157262,0.006953302573519993,14.707074338083618,0.006466750846886336,,,15.180397030148326,0.09831590104491755
3,5.727741724255566,,,1883.7922582757446,0.5316199436694086,0.8814193261394901,0.007824465451722006,14.651592015436254,0.00695247226638802,14.707118612192389,0.006465967343171739,,,15.21327922252103,0.1059034260261255
4,7.742702715930363,,,1883.7922972840695,0.5316157443183345,0.8814184567782515,0.007824033276847928,14.651586437298803,0.006952117271088685,14.707138023259409,0.006465632143283011,,,15.22053661919427,0.10077519175991531
5,9.75259156283687,,,1883.792408437163,0.5316030562969336,0.8814153899398787,0.007822716782041229,14.651570804906795,0.006951032302259231,14.707191846745664,0.006464606460330655,,,15.273839894219135,0.1090284939879568
6,17.722785660715317,,,1883.7922143392848,0.14162589874676507,0.8814213181095116,0.007825096426203113,14.651597846873981,0.006952995858887225,14.707099326025018,0.006466464624878493,,,15.146020474832646,0.08190546582291054
