comb,m1,m2,m3,Tmax,Tmax_err,st,st_err,gmax,gmax_err,rmax,rmax_err,Jmax,Jmax_err,Hmax,Hmax_err
0,-8.1978488166626,,,1883.7928488166626,0.07193670435663566,0.8817017321057903,0.007858407550137213,14.651511796142174,0.006980527018511296,14.707771099776979,0.006493116794507321,15.025270233071659,0.054849589884666636,,
1,2.728074683829618,,,1883.7919253161706,0.5317032292053065,0.8815659678826723,0.007833185838056086,14.651494347830482,0.006958972349983385,14.707706575828142,0.006472592058480306,14.983820187322877,0.10555115287824611,,
2,3.723167520011202,,,1883.791832479989,0.5317112647908063,0.8815700026925282,0.00783401259611781,14.651509404930252,0.0069596331850676745,14.70765685725139,0.006473227370229303,14.96216782521296,0.1159399238510734,,
3,5.728275739433684,,,1883.7917242605665,0.5317204763974921,0.8815745487533612,0.007834958008604053,14.651527027281348,0.006960386950265072,14.707598557918361,0.006473952354332389,14.94627455148674,0.13175508071928502,,
4,7.743352105337635,,,1883.7916478946622,0.5317271818247178,0.8815780597021121,0.007835650604799306,14.651539363413452,0.0069609407191255435,14.707557939228677,0.006474485058437616,14.936762040113646,0.14991296488119815,,
5,9.753140410286733,,,1883.791859589713,0.5317097664915799,0.881569583100419,0.007833872541114307,14.651504668831024,0.006959527197662644,14.70767302380908,0.006473126354728222,14.99781560139504,0.1946778468472491,,
6,17.723920136847937,,,1883.7910798631522,0.14177457788811895,0.8816013479588274,0.00784050044698542,14.651632318030009,0.0069648006432609,14.707250081486684,0.006478195603098519,14.853439733340656,0.20120730890321817,,
