comb,m1,m2,m3,Tmax,Tmax_err,st,st_err,gmax,gmax_err,rmax,rmax_err,Jmax,Jmax_err,Hmax,Hmax_err
0,-7.6172371165812365,,,57030.93790378325,0.06475930694513053,0.9146218409052287,0.00796811686660953,15.561757182248359,0.008354836320804006,15.600064687866679,0.00789558656564939,16.07673147203184,0.061133863619533886,,
1,-6.600392984168138,,,57030.93717076195,0.06470354861418307,0.9145208996520572,0.007959914766218773,15.561551637810863,0.00834839136713295,15.600252222800039,0.007888129248975988,16.08897192516515,0.05407834523610442,,
2,-1.690523723111255,,,57030.93719038978,0.06470253492774486,0.9145201938176705,0.007959813603566594,15.561530352017897,0.00834828958091689,15.60029688349428,0.007888044606214933,16.110522593965957,0.05613748086225645,,
3,-0.6646851466794033,,,57030.93724070223,0.06470925589486412,0.9145217641368655,0.0079607097732231,15.561472086007464,0.008349182567359646,15.600430711566055,0.007888949841222001,16.150539338467468,0.058544372224363865,,
4,1.3407294323915266,,,57030.9372705676,0.5247128203950131,0.9145225935324687,0.007961188794281239,15.561437574183676,0.008349661004413688,15.600509472077624,0.007889432324754421,16.17328744226239,0.11264971519385493,,
