comb,m1,m2,m3,Tmax,Tmax_err,st,st_err,gmax,gmax_err,rmax,rmax_err,Jmax,Jmax_err,Hmax,Hmax_err
0,-7.616386750567472,,,57030.937053417234,0.06474299362097204,0.9143150656201423,0.00796307208554371,15.562213022447743,0.00835538453157214,15.598423185008517,0.007892545792160019,,,16.294141455966866,0.08330101045294301
1,-6.600251390627818,,,57030.93702916841,0.06474707505536136,0.9143112112584671,0.007963519703698097,15.562238656331797,0.00835592964583692,15.598358033572948,0.007892995887064993,,,16.255388187029418,0.07854753281882366
2,-1.690388059374527,,,57030.93705472604,0.06473753382834659,0.9143190478935146,0.007962441074149982,15.56218823600698,0.008354635332056779,15.598483862776089,0.007891907492781403,,,16.311645820498146,0.07803718790146442
3,-0.6645117199004744,,,57030.93706727545,0.0647362861598077,0.9143237157380808,0.007962334331798675,15.562165210526377,0.008354430764971292,15.598545247918615,0.007891786374199027,,,16.340440422072074,0.07610829932310584
4,1.3409302543077501,,,57030.93706974568,0.5247364822105793,0.9143248021523622,0.00796236763295051,15.562160731772266,0.008354446658315726,15.59855772796567,0.00789181234769604,,,16.34958868841306,0.10131900741953251
