comb,m1,m2,m3,Tmax,Tmax_err,st,st_err,gmax,gmax_err,rmax,rmax_err,Jmax,Jmax_err,Hmax,Hmax_err
0,-7.616207561171905,,,57030.93687422784,0.06452490608542472,0.9146589431923301,0.007938605964738865,15.561532257978529,0.008323530207023092,15.600545627130932,0.007866226547414567,16.073271666011,0.0608991861956165,16.262169976031906,0.08292526968179972
1,-6.600135262982803,,,57030.936913040765,0.06452743812351053,0.914665040481125,0.007939009560421125,15.561463328619414,0.008323819531868141,15.600707146823796,0.007866617571284968,16.084135773659096,0.05391238490625799,16.221112690538153,0.07819659700078914
2,-1.6902465606035548,,,57030.93691322727,0.06453086270290771,0.9146541961719268,0.007939356819544661,15.561488277367607,0.008324385992729083,15.60063177935767,0.00786701781033619,16.108242166719403,0.05597269920478687,16.27503624781911,0.07770912152775512
3,-0.6644238607914303,,,57030.93697941634,0.06454536507444421,0.9146516837906187,0.007941197290622063,15.561424675811713,0.008326342743856126,15.600770503038603,0.007868883097072728,16.147298438210385,0.05837787282055968,16.298008710450176,0.07579629117452594
4,1.3409765244432492,,,57030.93702347555,0.5245525276973592,0.9146519719382402,0.007942131206661797,15.56137602253762,0.00832730522420121,15.600879399829054,0.007869823271432227,16.167778473916346,0.11247580288491425,16.294287481125746,0.1009872972807839
