comb,m1,m2,m3,Tmax,Tmax_err,st,st_err,gmax,gmax_err,rmax,rmax_err,Jmax,Jmax_err,Hmax,Hmax_err
0,-10.244741094734763,,,1227.8997410947347,0.1057859020527244,1.0530460550248653,0.01288806603154075,15.752907938411877,0.005972964389959553,15.585167638741163,0.007208317377341987,15.755593792805207,0.0826087529123934,15.606284165208416,0.1037625844842453
1,-3.1790876476613903,,,1227.8965876476614,0.10558956629554625,1.0532427596008769,0.012871472067886714,15.753116578082093,0.0059602900548953435,15.584688040914171,0.007196755317315104,15.696467844394155,0.03830497252320871,15.686117890100183,0.05585936716958949
2,0.7238390544293907,,,1227.8911609455706,0.565265369445574,1.0535801912682572,0.012844695839293195,15.753470119207988,0.005939359335469466,15.583869346255756,0.007177879846128329,15.587869961880186,0.09406421058878864,15.803950978531752,0.08729556469663412
3,5.754421043482125,,,1227.8905789565176,0.5652692674395283,1.0536135640220254,0.012846452098072824,15.753510876792047,0.005939325674462172,15.58377140841023,0.0071785074845816315,15.53330091064814,0.1212617948670925,15.670637830746436,0.13900742493652546
4,10.74388451528307,,,1227.8911154847171,0.17528250695847575,1.0535815009637532,0.026586849375750836,15.753474498749043,0.005940320812979795,15.58385723759934,0.007179085142250795,15.575415835734521,0.17451709819251282,15.66748674174536,0.09977262694675021
5,26.821758493215157,,,1227.8982415067849,0.17561636843951806,1.0531451203255013,0.0266110836924942,15.75300099217412,0.005962587759576095,15.584960472223985,0.00719760456919786,15.869535182628537,0.14554352003295445,15.74663556360174,0.06197143067465166
6,30.779716345780344,,,1227.8952836542198,0.17547730512409593,1.0533259118477187,0.012860954642980614,15.753197853593372,0.005953315403046792,15.584501515646854,0.007189882945225668,15.753138925757549,0.1541117392957672,15.71981729359606,0.0876183716349088
