comb,m1,m2,m3,Tmax,Tmax_err,st,st_err,gmax,gmax_err,rmax,rmax_err,Jmax,Jmax_err,Hmax,Hmax_err
0,-10.245554799943648,,,1227.9005547999436,0.10593842732399006,1.0532255196073037,0.012916451928536916,15.752950641207738,0.005978804811998414,15.585231972575468,0.0072189581285299655,15.75583719494383,0.08269502607443156,15.606163073183206,0.1039534976582145
1,-3.1790534227975513,,,1227.8965534227975,0.10558756542657123,1.0532403066675902,0.012871160807551994,15.753115578178294,0.00596025484082321,15.584686669634292,0.007196670642423206,15.696469600906218,0.03830465930278948,15.686115147398933,0.0558583785008137
2,0.7238633706997462,,,1227.8911366293003,0.5652653757969018,1.0535791313296967,0.012844711273052213,15.753469374928653,0.005939420260071842,15.583868522610164,0.00717793652291028,15.587867678650753,0.0940645922241563,15.803950781058692,0.08729588721046742
3,5.754437450596242,,,1227.8905625494035,0.5652710184578491,1.0536118646183597,0.0128466598036058,15.753509731365972,0.005939498777449299,15.583771010032134,0.007178685690597851,15.533298182901882,0.12126366632175961,15.670637465795403,0.13901045025027567
4,10.743899794895242,,,1227.891100205105,0.1752845664244184,1.0535796947311438,0.026587092827522647,15.753473274509513,0.0059405147744690774,15.583856925276653,0.007179285654339927,15.575414794905443,0.17452181499924377,15.667484934536814,0.09977458125485213
5,26.821781382867584,,,1227.8982186171324,0.17561820958077703,1.0531440961606553,0.02661133697810068,15.75300017435879,0.005962762727789753,15.584959342343902,0.00719779776275848,15.869537431302271,0.14554714700159832,15.746634623685793,0.06197262034826714
6,30.77973890431531,,,1227.8952610956849,0.17547710044098863,1.0533249189722564,0.012860941732173644,15.753197084542354,0.0059533573612424355,15.584501033860331,0.0071899188254436145,15.75314022620513,0.15411226546346735,15.719815294310475,0.08761876802520757
