comb,m1,m2,m3,Tmax,Tmax_err,st,st_err,gmax,gmax_err,rmax,rmax_err,Jmax,Jmax_err,Hmax,Hmax_err
0,-10.245435089047533,,,54227.39943508905,0.10421827516997575,1.052483739337231,0.0126775956081826,15.754442583980294,0.005898863773097021,15.58213181875767,0.007111447111586268,,,15.615651313755249,0.10229387243378983
1,-3.1815760144017986,,,54227.4000760144,0.10429680345132653,1.0524442984741593,0.012685627181511061,15.754381242285207,0.0059035683351084224,15.582266442441439,0.007116360374225485,,,15.706467798647383,0.0551358662124153
2,0.7187077570197289,,,54227.400958909646,0.10440985996974268,1.0523865324752837,0.012697245524593365,15.754290606831102,0.0059104059174545955,15.582460156296024,0.00712350380190083,,,15.82237450047551,0.08662655391018101
3,5.742872298294969,,,54227.40029436837,0.10432496431967812,1.052429919212941,0.01268857001950268,15.754357837921964,0.005905282102250697,15.582314993495395,0.0071181585293069016,,,15.687603415450996,0.13810803740938565
4,10.731762098497711,,,54227.40057123484,0.10436029176853766,1.0524122256804862,0.012692198085390058,15.754329924154455,0.00590740906855178,15.582375408926643,0.007120383358252591,,,15.680002486332606,0.09886291713970792
5,26.817232881192467,,,54227.4012671188,0.10444782443217074,1.0523662441347394,0.012701022903766708,15.754259855238736,0.005912694580030616,15.582526368821656,0.007125859765632386,,,15.770834300373604,0.0613677380654818
6,30.773058605918777,,,54227.40094139408,0.10440661974357762,1.0523874915142064,0.012696847442562222,15.754292556350842,0.00591021095270483,15.582455914140384,0.007123279520270167,,,15.731428524486422,0.08692156790142616
