comb,m1,m2,m3,Tmax,Tmax_err,st,st_err,gmax,gmax_err,rmax,rmax_err,Jmax,Jmax_err,Hmax,Hmax_err
0,-10.24447653577272,,,1227.8994765357727,0.10525040616624441,1.0532983550412969,0.012833467263841835,15.753403550305629,0.005939781392012223,15.584376935534252,0.007172744860711493,15.761241539733948,0.08214782605541208,,
1,-3.18014775143115,,,1227.8976477514311,0.10502493305111535,1.0531780654984726,0.012799130499315498,15.753456630375382,0.005929385433015693,15.584101091983875,0.0071579474671231175,15.703002151057644,0.03810362970734539,,
2,0.7192318093746053,,,1227.8957681906254,0.5648911968796531,1.0532918574274905,0.012787070311161105,15.753634438907824,0.005921044648039512,15.583708318509775,0.007150070076371219,15.589127069576477,0.09390055127263436,,
3,5.750039352795284,,,1227.8949606472045,0.5648352696827246,1.053341059084314,0.012782073556256306,15.753711512754945,0.005917544310148833,15.583538442663816,0.007146788265188187,15.538325488063375,0.1209496481269919,,
4,10.739563809202764,,,1227.8954361907975,0.17486913893287956,1.0533120692662417,0.012785139934425828,15.753665941164146,0.005919666760704256,15.583638458878024,0.00714879327576807,15.580153610783459,0.17386944159150627,,
5,26.820613679256212,,,1227.8993863207438,0.1751520770549973,1.0530725165654173,0.012810807254057506,15.753288111486007,0.0059373600122437165,15.584469502412672,0.0071655346329317525,15.888245367106759,0.14501156776723817,,
6,30.777277993680855,,,1227.8977220063193,0.17503029887305568,1.0531734971765314,0.012799662991882616,15.75344795876996,0.005929740075820667,15.584118738530835,0.007158287691200692,15.76055366264397,0.15357189775678431,,
