comb,m1,m2,m3,Tmax,Tmax_err,st,st_err,gmax,gmax_err,rmax,rmax_err,Jmax,Jmax_err,Hmax,Hmax_err
0,-10.247018449299503,,,54227.4010184493,0.10485286801276944,1.0527836880072818,0.012774149730515175,15.75347373430698,0.005930699911710498,15.584221410346352,0.00715672526066485,15.759809572865189,0.0820353533316152,,
1,-3.1806993400896317,,,54227.399199340085,0.10463134726024428,1.052664704896381,0.012739049065604363,15.753524933404242,0.005920541632772181,15.583950160728957,0.007141892737641871,15.703003271694822,0.038033241459394275,,
2,0.7223467683506897,,,54227.397319898315,0.10449585042500854,1.052777780886114,0.012726976781457231,15.753703230805689,0.005912069774616839,15.583556670483139,0.0071339170090682184,15.589031619755328,0.09381248371214856,,
3,5.746638089512999,,,54227.396528577156,0.10443943952426112,1.0528254573673121,0.012722002034367146,15.753778865540069,0.005908533628016791,15.583389101838735,0.007130604880823879,15.539027760981078,0.12076970231099561,,
4,10.735338015838352,,,54227.3969953175,0.10447370728648792,1.0527976211587788,0.012725128845489196,15.75373420809445,0.005910677134087581,15.583487604971031,0.007132645832581524,15.580278702154134,0.17349048097735867,,
5,26.817554400666268,,,54227.40094559933,0.10476167770056136,1.0525597970401823,0.01275104942794985,15.753356854202343,0.005928705639846233,15.584318737586846,0.00714969078262294,15.888133642671704,0.14482492642463266,,
6,30.774730780867685,,,54227.39926921913,0.10463655930474379,1.0526606689711395,0.01273957742945826,15.753517482006162,0.005920875266767274,15.583965846148976,0.007142219844184443,15.75986595384158,0.15330938887173437,,
