comb,m1,m2,m3,Tmax,Tmax_err,st,st_err,gmax,gmax_err,rmax,rmax_err,Jmax,Jmax_err,Hmax,Hmax_err
0,-10.247275048619485,,,54227.40127504862,0.10539093601142263,1.0525349158507078,0.01282754724940852,15.752979171974687,0.005964125799594074,15.585011540239634,0.007192197199250953,15.754170294544064,0.0824995206729357,15.605798543382507,0.10348194191198587
1,-3.179649095349305,,,54227.398149095345,0.1051921782720683,1.0527283136718488,0.012810868685044474,15.753185273779078,0.005951306371649785,15.584536647889042,0.007180499162214455,15.696466840070814,0.03823355787206604,15.686056763394275,0.05565726833884245
2,0.7269546686875401,,,54227.39271199798,0.1048612671143341,1.0530640170581158,0.01278376606250435,15.753538958732147,0.005929935096812253,15.583716784818774,0.00716123536093845,15.587773151678748,0.09397261526385275,15.803715087460535,0.08705748246947266
3,5.751005727586744,,,54227.39216093908,0.10486517842342008,1.0530951377586086,0.012785484207073775,15.753577784321317,0.0059299110968492035,15.58362260328384,0.007161846895519025,15.534007010174017,0.1210763005619994,15.670482066962233,0.1387355215477003
4,10.739655959361698,,,54227.39267737397,0.10487864519191924,1.053064967597415,0.026525938262099952,15.753542745859598,0.0059309090614687405,15.583705817680451,0.007162449078646888,15.575540347827504,0.17412656797423795,15.667339935690885,0.09945411393323278
5,26.818693673114467,,,54227.39980632688,0.10522228603264476,1.0526316424659816,0.026550734953354665,15.753069920680598,0.005953791020194509,15.584809431763864,0.007181537969238574,15.869424113115302,0.14535362141233785,15.746431592376961,0.0617869761758474
6,30.777172516500286,,,54227.3968274835,0.10507778697893283,1.0528121493483917,0.012800240533006583,15.753267757533415,0.005944179820394324,15.584347390839119,0.007173498498046438,15.752453315498379,0.15384234902858926,15.719451724784024,0.08743394611627303
