comb,m1,m2,m3,Tmax,Tmax_err,st,st_err,gmax,gmax_err,rmax,rmax_err,Jmax,Jmax_err,Hmax,Hmax_err
0,-10.242895916402404,,,1227.8978959164024,0.10461159731500236,1.0529955003675138,0.012737493419918564,15.754373792192665,0.005907758897917009,15.582283312766885,0.007127497914263246,,,15.616137447940435,0.10257316912466799
1,-3.1810307090602237,,,1227.8985307090602,0.10468949451534167,1.0529563843987653,0.01274551543982492,15.754312951248796,0.005912402828647532,15.582417148481598,0.007132366876869065,,,15.706519115186623,0.05533433421720549
2,0.7155916140595764,,,1227.8994083859404,0.5648011122614505,1.0528983885244634,0.012757043422822913,15.754221737624812,0.005919149844123673,15.582611073823811,0.007139422824538337,,,15.82258736716081,0.08685565851171528
3,5.746258668156088,,,1227.8987413318437,0.5647174784521374,1.0529423010845604,0.012748476971067164,15.754289181971048,0.005914114271219114,15.582466248182108,0.00713417082634569,,,15.687753618804358,0.13836731339720937
4,10.735982685614545,,,1227.8990173143857,0.17475198162978134,1.0529241137181824,0.01275200821230262,15.754261298406208,0.005916191747537762,15.582526127910308,0.00713633649325444,,,15.68014993150895,0.09917016170876855
5,26.820284866909788,,,1227.8997151330902,0.17483830680199458,1.052877738880982,0.01276079382913292,15.754191097769136,0.005921391071591057,15.582676980189031,0.0071417392118754315,,,15.771042929504903,0.061548801639286055
6,30.775608903453076,,,1227.899391096547,0.17479822958345928,1.0528992384601865,0.012756713533315847,15.754223707432264,0.005918977359443229,15.582606894822826,0.0071392304431076225,,,15.731811751936156,0.08710002020491889
