comb,m1,m2,m3,Tmax,Tmax_err,st,st_err,gmax,gmax_err,rmax,rmax_err,Jmax,Jmax_err,Hmax,Hmax_err
0,-5.6046472504749545,,,56409.83509169491,0.10914572099040708,1.114604623514501,0.015601196994203259,15.355166171060887,0.006507793486574406,15.35264572361495,0.009623626688022373,15.638879085904572,0.04325786124155509,15.902633792188483,0.06266488585132739
1,-4.616099557308189,,,56409.83509955731,0.10915004219591641,1.114604107860465,0.015601811889823217,15.355161135983975,0.006508039164717324,15.35265686950553,0.00962399420820361,15.643570520454029,0.0414771804951601,15.906564462011822,0.06042607664063113
