comb,m1,m2,m3,Tmax,Tmax_err,st,st_err,gmax,gmax_err,rmax,rmax_err,Jmax,Jmax_err,Hmax,Hmax_err
0,-5.603943100264587,,,56409.8343875447,0.11000022977829826,1.1145896132857103,0.01572206829154077,15.35608509502249,0.006558445067131128,15.350765697966436,0.009695285644054715,,,15.91790670154485,0.06313864753520304
1,-4.615399442358466,,,56409.83439944236,0.11000273243180506,1.1145886909388543,0.01572241356458943,15.35608079783281,0.006558572738937845,15.350774759137563,0.009695499539708856,,,15.925897271540583,0.06088177949300609
