comb,m1,m2,m3,Tmax,Tmax_err,st,st_err,gmax,gmax_err,rmax,rmax_err,Jmax,Jmax_err,Hmax,Hmax_err
0,-5.605526126026234,,,56409.835970570464,0.10948487914115003,1.1148363785711797,0.015655592673755468,15.355350090902245,0.006533868974018587,15.35246395368864,0.009654847318807003,15.635586390285127,0.04344255730364585,,
1,-4.615657830458076,,,56409.83465783046,0.10934440735709082,1.1147440141751837,0.015632517518379112,15.355306819916825,0.0065229295080168285,15.352436620810918,0.009641087044178058,15.640998745195368,0.041573566355802186,,
