comb,m1,m2,m3,Tmax,Tmax_err,st,st_err,gmax,gmax_err,rmax,rmax_err,Jmax,Jmax_err,Hmax,Hmax_err
0,-7.638275353274366,,,56683.79716424216,0.061300551582770695,0.8993576037216625,0.005072325627983363,16.2896636129898,0.004940423562632588,16.36474299865487,0.005265570517732842,16.89121348756619,0.05716777551062217,17.04431081859246,0.07109415284221693
1,-6.698074241860013,,,56683.79707424186,0.06125478258682672,0.8993804739535564,0.005068509928585148,16.289651970816287,0.004936495897651482,16.36480814107279,0.005261509908036887,16.841937178943674,0.04790669042008351,16.911373432246712,0.06379777989646714
2,-3.6607605104800314,,,56683.797010510476,0.061267702263450144,0.8993692342924968,0.005069517297797962,16.289783816887788,0.004937583192287758,16.364465780566587,0.005262610910589494,16.822666599977946,0.04940425932382826,16.962293485239826,0.056877029715705546
3,-2.6609921854396816,,,56683.79710329655,0.061301917873185834,0.8993546578916952,0.005072394433763245,16.28973014794626,0.004940517130839769,16.364572077776117,0.0052656565136744975,16.87474841424852,0.047243689952038134,17.049318758421773,0.06575421576568576
4,16.380051190128142,,,56683.79634880988,0.13126306370105734,0.8993458309354122,0.01880867273600686,16.29046198117907,0.004936972382255598,16.362732109238937,0.005261862109475083,16.722827811907063,0.2236331710384078,16.792568490107413,0.0902410359985508
5,19.31068842941022,,,56683.79631157059,0.13129948508896677,0.8993244182052353,0.01881163422350911,16.2905691095023,0.004940051984330716,16.362431249971475,0.005265031448821901,16.739294693160534,0.22067670115923352,16.92103351966667,0.08385304000019292
6,23.284914337571536,,,56683.79653010687,0.1312856901892873,0.8993406386085955,0.01881065793383533,16.290308374014174,0.004938952882735131,16.363106711334815,0.005263938157021154,16.82461358435037,0.18736637538256992,16.8489317428589,0.09151613620882272
7,25.301689771804377,,,56683.79642133931,0.1312485930356626,0.8993564871888154,0.018807539045915967,16.2903526315842,0.0049357696694346245,16.36302263773919,0.005260635102932378,16.794260107025757,0.17839967275756421,16.77269763115629,0.11059950669042785
