comb,m1,m2,m3,Tmax,Tmax_err,st,st_err,gmax,gmax_err,rmax,rmax_err,Jmax,Jmax_err,Hmax,Hmax_err
0,-7.639139477934805,,,56683.79802836682,0.062050382524657756,0.8988483188792198,0.005134394952338035,16.290713822822408,0.005005484567096175,16.361235295830298,0.005332209303021711,,,17.092422610099494,0.07213820528610877
1,-6.698982735470054,,,56683.79798273547,0.06210289969484348,0.8988272810788098,0.0051386832023204865,16.29082988715297,0.005009861355061432,16.3608990255875,0.005336747237247697,,,16.958046011281002,0.06483819208264151
2,-3.66177091224381,,,56683.79802091224,0.06208497289792087,0.898834577539377,0.005137231238838812,16.29078812556719,0.005008379691728461,16.361022777389337,0.005335210730556463,,,16.999821185195323,0.05774412445332079
3,-2.6619202261645114,,,56683.798031337275,0.06204672378773149,0.8988501220401146,0.0051340956599593025,16.290704435737073,0.005005176120727738,16.361262621493033,0.005331890929940268,,,17.090895585134337,0.06667173571160187
4,16.37837916766148,,,56683.79802083235,0.13205501077342835,0.8988471698979655,0.005134769644731965,16.29072617051735,0.00500586192744532,16.36120082886604,0.005332602757756646,,,16.827984697520453,0.0913809812718898
5,19.308950762242603,,,56683.79804923776,0.13201146091804336,0.898865019704208,0.00513120851439168,16.290627150597494,0.0050022221310801135,16.36148737256115,0.005328831022206423,,,16.9550941029091,0.08481373918179419
6,23.283411344818887,,,56683.79803309962,0.13203985244128108,0.898853168268796,0.005133532433813334,16.29068864792173,0.005004598495974819,16.36130820684835,0.0053312932280556264,,,16.87856352298408,0.09265000190382643
7,25.300105015507143,,,56683.79800609561,0.13207890038059708,0.8988370094400101,0.0051367253281393395,16.290776529586154,0.005007862369957233,16.36105412564353,0.005334675091811357,,,16.792556747159143,0.1120952985511745
