comb,m1,m2,m3,Tmax,Tmax_err,st,st_err,gmax,gmax_err,rmax,rmax_err,Jmax,Jmax_err,Hmax,Hmax_err
0,-7.639332546663354,,,56683.79822143555,0.06182775672156137,0.8992510940658284,0.0051163806754331905,16.2898441229639,0.004984446398214747,16.36408483429577,0.005311684726102622,16.898232478154444,0.05769138657626483,,
1,-6.698726777613047,,,56683.797726777615,0.0617695337220766,0.8991660231525543,0.005111272655881154,16.28986668173961,0.004980131976848685,16.363868814002565,0.005306760778075527,16.852608189857484,0.04834695690642729,,
2,-3.661450049490668,,,56683.79770004949,0.061770904029800976,0.8991644255979436,0.005111363204195061,16.289919985061267,0.00498023794885452,16.363735332354448,0.005306864029237791,16.82568710069066,0.049834959731468044,,
3,-2.6616681865561986,,,56683.79777929767,0.0617691120651861,0.899166463564405,0.005111272281855614,16.289823576704762,0.004980128689337346,16.36397949769726,0.005306759477414929,16.875895123236777,0.04762637094500084,,
4,16.379097846831428,,,56683.79730215318,0.13177282646390456,0.899157875075527,0.0051112549563144104,16.29030927289587,0.004980195915389297,16.362740516850856,0.005306785241901608,16.745631933410436,0.22542594126488302,,
5,19.309699451594497,,,56683.79730054841,0.13177353182070184,0.8991579260309119,0.005111313230037312,16.290304528496574,0.00498025138698914,16.36275313047152,0.005306844417620067,16.755529448709595,0.22228488238678917,,
6,23.284024079686787,,,56683.79742036475,0.13177293829308145,0.8991600580000146,0.005111345614285811,16.290183081640507,0.004980261932965299,16.363062197876918,0.005306867221079105,16.845889390464535,0.18874713470175997,,
7,25.300781307043508,,,56683.797329804074,0.1317737098067391,0.8991581529092867,0.005111347868662538,16.290276783240326,0.0049802823709120154,16.36282306342608,0.00530687922165941,16.80713679715245,0.17981168752356458,,
