comb,m1,m2,m3,Tmax,Tmax_err,st,st_err,gmax,gmax_err,rmax,rmax_err,Jmax,Jmax_err,Hmax,Hmax_err
0,-8.425459762652281,,,1555.2204597626524,0.04775323567036788,1.01659884422983,0.006812615496609111,15.672206978873705,0.004647781381093164,15.878860273281385,0.004991984193832602,16.530402511636975,0.04300824276170218,16.85281524503372,0.06676211866511389
1,-4.439261444857948,,,1555.219261444858,0.04781863611064961,1.016410081019161,0.006820947054888019,15.672389549078215,0.004656768321740874,15.877973421109523,0.004996283235683534,16.394590574897425,0.02178262316909233,16.838805412754663,0.06202668857797237
