comb,m1,m2,m3,Tmax,Tmax_err,st,st_err,gmax,gmax_err,rmax,rmax_err,Jmax,Jmax_err,Hmax,Hmax_err
0,-8.41764636553853,,,54554.710979698866,0.04770261312583744,1.0170588734531538,0.006807565548762003,15.672380207131399,0.004633366506809513,15.879142644831319,0.004983851943129833,16.5318088134607,0.04287136685931049,16.853406867854346,0.06661357559223144
1,-4.432562501904613,,,54554.71056250191,0.04773571993425888,1.0170516115621016,0.00681151699311928,15.672672570861161,0.004636192134659181,15.878341765530045,0.00498680217031507,16.394655357712214,0.02173014538588546,16.838810697562824,0.061849803971811154
