comb,m1,m2,m3,Tmax,Tmax_err,st,st_err,gmax,gmax_err,rmax,rmax_err,Jmax,Jmax_err,Hmax,Hmax_err
0,-4.4629601029237165,-6.4554601029236665,,1555.2429601029237,0.049226100462608585,1.0131125211579464,0.006942621278573448,15.671002194443199,0.004899159320260008,15.876549317995746,0.005169399988234263,16.409636068049693,0.020683245825433984,,
