comb,m1,m2,m3,Tmax,Tmax_err,st,st_err,gmax,gmax_err,rmax,rmax_err,Jmax,Jmax_err,Hmax,Hmax_err
0,-8.417818876798265,,,54554.711152210126,0.04722251808985645,1.0169068227138027,0.006736147578381978,15.672739395041408,0.004588581048437128,15.877978662794565,0.004932023120584046,,,16.87080259932034,0.06594316474886028
1,-4.433155659266049,,,54554.71115565927,0.04721603431388447,1.0169062626476275,0.006735021135808129,15.672755603558933,0.004588227262225718,15.877937728551375,0.004931399618966904,,,16.841600979523832,0.06119889347764212
