comb,m1,m2,m3,Tmax,Tmax_err,st,st_err,gmax,gmax_err,rmax,rmax_err,Jmax,Jmax_err,Hmax,Hmax_err
0,-8.425623452912077,,,1555.2206234529122,0.04748980494497964,1.0166303920068716,0.00677628113894057,15.672273114473272,0.004622207004172727,15.878791369294685,0.004964807864312546,16.52339014233248,0.042775138690199,,
1,-4.43956958512922,,,1555.2195695851292,0.047535901808051534,1.0164467174614766,0.006782194437471216,15.6723650933812,0.0046294119910815145,15.878157325951857,0.00496729943547806,16.38267622253831,0.021655540114092955,,
