comb,m1,m2,m3,Tmax,Tmax_err,st,st_err,gmax,gmax_err,rmax,rmax_err,Jmax,Jmax_err,Hmax,Hmax_err
0,-4.440570242339163,-6.433070242339113,,1555.2205702423391,0.04679903998482299,1.0162154498605422,0.006679082542901234,15.672453893044866,0.004566548078974307,15.877565075932381,0.004894402770032996,,,16.854998088516826,0.0447048392462537
