comb,m1,m2,m3,Tmax,Tmax_err,st,st_err,gmax,gmax_err,rmax,rmax_err,Jmax,Jmax_err,Hmax,Hmax_err
0,-4.456513384255231,-6.448846717594279,,54554.73451338426,0.04920311463020368,1.0137134105267365,0.006944755019409966,15.671269258848296,0.004886023770194842,15.876898460525114,0.005165903431136537,16.409995279598586,0.02065472780503088,,
