comb,m1,m2,m3,Tmax,Tmax_err,st,st_err,gmax,gmax_err,rmax,rmax_err,Jmax,Jmax_err,Hmax,Hmax_err
0,-8.424887824979578,,,1555.2198878249797,0.04729012806417057,1.0162606263739296,0.006743169259869396,15.67245588015825,0.004607896959950165,15.877605930323892,0.004939945902210118,,,16.870153578575746,0.06612376467348945
1,-4.439869587159137,,,1555.219869587159,0.0472860305342361,1.0162622094126796,0.006742603792267304,15.672471582202729,0.004607465219147494,15.87756707969531,0.0049395111602100516,,,16.841636812329867,0.06135898883412657
