comb,m1,m2,m3,Tmax,Tmax_err,st,st_err,gmax,gmax_err,rmax,rmax_err,Jmax,Jmax_err,Hmax,Hmax_err
0,-8.42471260800562,,,1555.2197126080057,0.04778307924214393,1.0164141055978186,0.006816580474368857,15.672099297210437,0.004653757489978614,15.878766769810824,0.00499307299084865,16.5304244711375,0.04302811479264411,16.852769080359057,0.06679935367203374
1,-4.439269665126176,,,1555.2192696651261,0.04781712136892414,1.0164107611567816,0.006820752263501138,15.672389934704375,0.004656617218055728,15.8779739559779,0.004996135741877419,16.394586937741177,0.021781936223100613,16.838809599004865,0.06202472645695458
