comb,m1,m2,m3,Tmax,Tmax_err,st,st_err,gmax,gmax_err,rmax,rmax_err,Jmax,Jmax_err,Hmax,Hmax_err
0,-4.454759163876588,-6.447092497215635,,54554.73275916388,0.04887002296995223,1.0131662357134583,0.006889958143064203,15.670869801413538,0.004863356399829198,15.876862772027547,0.0051307725325924584,16.421300398569958,0.020542895681217532,16.85040361378264,0.047777838932949235
