comb,m1,m2,m3,Tmax,Tmax_err,st,st_err,gmax,gmax_err,rmax,rmax_err,Jmax,Jmax_err,Hmax,Hmax_err
0,-5.032176350694499,,,56361.34484301736,0.047106396515297286,0.7785803051867232,0.004765651623309941,14.004647307902525,0.004639248319926806,14.110616231462352,0.004767961113592386,,,14.552240837384185,0.03867739588690807
1,9.996918151868158,,,56361.34485962591,0.047105993893853185,0.7785792872399684,0.0047656399453803195,14.004648606561252,0.004639237312190306,14.110614946446864,0.00476794280034581,,,14.478648211644611,0.07616294294335302
2,13.977492702993914,,,56361.34484063034,0.047111984035929796,0.7785782080113735,0.004766238764820512,14.00466971761294,0.004639822705625229,14.110566256829877,0.004768545532468658,,,14.40774906822122,0.06622511014153991
3,16.00026633330708,,,56361.3448447778,0.04711161362351785,0.7785778912344361,0.004766208557076656,14.004665647643016,0.004639792302046449,14.110574855740236,0.004768513449850452,,,14.416655465017172,0.07404963243378535
4,17.060837132412416,,,56361.34482953425,0.04711505677931933,0.7785771875239641,0.004766550659211361,14.00468251675448,0.004640126485491355,14.110536185552986,0.004768856781493509,,,14.361503923650057,0.07998027024481784
5,21.922149301426543,,,56361.34485069857,0.047108891775528905,0.7785793578266308,0.004765923038351484,14.004656827023656,0.004639515211082461,14.11059659584481,0.004768230583198475,,,14.45554599946845,0.08427482497441034
6,24.031147694971878,,,56361.34485230503,0.047108477250034676,0.7785794958980885,0.004765881214842672,14.00465512521457,0.004639474357263462,14.110600594234528,0.004768188716624746,,,14.46987130388529,0.09086315560284342
7,44.96011336273659,,,56361.344886637264,0.04709919084757977,0.7785824688583516,0.004764940296474834,14.004616287557466,0.004638557695350235,14.110691734636466,0.004767249491172413,,,14.649014761166235,0.2634227754737701
