comb,m1,m2,m3,Tmax,Tmax_err,st,st_err,gmax,gmax_err,rmax,rmax_err,Jmax,Jmax_err,Hmax,Hmax_err
0,-5.0320914665353484,,,56361.3447581332,0.04719949132752937,0.7787368930700993,0.004773446442268671,14.004563639001853,0.004646971700881149,14.111034926353508,0.004776190155390291,14.36614477441673,0.026319624226978495,14.549080571096555,0.038694955959560566
1,9.997176773977117,,,56361.3446010038,0.047247927231943564,0.7787369066951387,0.018518226216343067,14.004773087979395,0.004651654158815976,14.11057668148316,0.0047809857219547345,14.225496487393409,0.1710184670275645,14.472794423501378,0.07625805540593718
2,13.977567872010695,,,56361.34476546133,0.0472045818260024,0.7787381613503032,0.018513958470282754,14.004587831476828,0.004647480263165286,14.11098764050865,0.004776704920856895,14.352575207052729,0.16719644933955666,14.396648583606723,0.0662741701939808
3,16.000290979463898,,,56361.34482013164,0.04719170460714388,0.7787364900415708,0.018512716502050795,14.004528967568584,0.004646261556631429,14.111115847901404,0.004775453269559372,14.40371220968559,0.13984189633495403,14.405143793822317,0.07408681054635623
4,17.06094275462965,,,56361.344723912036,0.04721439827021061,0.7787396776592564,0.01851490423143171,14.00463208853674,0.004648408722989207,14.110891046742067,0.00477765659081758,14.306890831658919,0.13149441474549234,14.352736725279987,0.08004513941724138
5,21.922400203744473,,,56361.344599796255,0.04724825750265863,0.7787386432486302,0.01851823909962925,14.004770592503524,0.004651670439176689,14.11058413553585,0.00478100587140579,14.242080151049013,0.14156823927294968,14.453073422455104,0.08437585828999804
6,24.031366873779916,,,56361.344633126224,0.04723974407604351,0.778738192065622,0.01851740894507897,14.004734178709516,0.004650857213642704,14.110664213208306,0.004780171335329978,14.268116428045255,0.12008045884420165,14.47356199881892,0.0909780103291744
7,44.96013719389157,,,56361.34486280611,0.04718332860572763,0.7787324904810748,0.004771938336973546,14.004486649620938,0.004645492557433885,14.11120666041468,0.004774669813179203,14.544994235596885,0.813876425615454,14.635165846289397,0.26357950600219293
