comb,m1,m2,m3,Tmax,Tmax_err,st,st_err,gmax,gmax_err,rmax,rmax_err,Jmax,Jmax_err,Hmax,Hmax_err
0,-5.0316737492976245,,,56361.34434041596,0.04713320678918267,0.77868339638978,0.004767151702180877,14.004604178284735,0.00464080514377739,14.110986170348761,0.00476944397388916,14.365386555792563,0.02628481334713737,,
1,9.99705104297027,,,56361.34472673481,0.047210235202453606,0.7786929546034891,0.004774943701548045,14.004674947780076,0.004648401616241701,14.110729373826667,0.004777587037891889,14.224805903955586,0.17093761489833853,,
2,13.977516940700298,,,56361.34481639264,0.047188761165398115,0.7786936314542988,0.004772833060950175,14.004572095306534,0.004646334587701681,14.110959800987642,0.00477547469881453,14.355597622683359,0.16715532660205137,,
3,16.000256012433965,,,56361.34485509867,0.047180487281711356,0.7786928770063285,0.004772034270858124,14.004531440068474,0.004645550396313776,14.111049623380246,0.004774671245718697,14.407243420374865,0.1398183993880635,,
4,17.060882560661412,,,56361.344784106004,0.04719700054794825,0.7786935044241714,0.004773642378159488,14.004609962943976,0.004647127568510577,14.110875219287289,0.004776285979168286,14.309154685222424,0.13146079695001278,,
5,21.92227970787644,,,56361.34472029212,0.04721210735063112,0.7786937181932453,0.004775118727678947,14.004679528368037,0.00464857453239008,14.110720092054192,0.004777766959243304,14.240749582649645,0.14149683809005897,,
6,24.031258724760846,,,56361.34474127524,0.047206763506635434,0.7786938026330527,0.004774594046786813,14.004654994887552,0.004648060244111348,14.110774865863698,0.004777240788536779,14.264132917600364,0.12002908479883709,,
7,44.96008838061971,,,56361.34491161938,0.04716604779743939,0.7786934019052235,0.004770612006173195,14.004467367940359,0.0046441577214165735,14.111193476469841,0.004773246770779591,14.547041143057236,0.813787105232264,,
