comb,m1,m2,m3,Tmax,Tmax_err,st,st_err,gmax,gmax_err,rmax,rmax_err,Jmax,Jmax_err,Hmax,Hmax_err
0,-7.65340260060475,,,56261.69211688632,0.02879275034408806,0.9843531981051106,0.00560905873504909,15.239492512127903,0.0022310467085937475,15.147590745766074,0.0026224201264838233,15.318168692465493,0.031189117470448197,15.449239706334254,0.030816331328736252
1,-3.6488414443592774,,,56261.69202326254,0.028798597512214478,0.984353757027179,0.0056101058708025,15.239577214353591,0.0022314446151953295,15.147410551213454,0.0026228767077413956,15.282699351962423,0.02627054573535871,15.435899665490863,0.024429094507044072
2,-2.6636339456308633,,,56261.691967278966,0.02879876260418965,0.9843545075166745,0.005610085228842398,15.239653298018801,0.002231417466857161,15.147253799658571,0.002622837000021722,15.27129208536951,0.026906618315235453,15.483902549145276,0.024927162480284315
3,2.3538488371341373,,,56261.692040051756,0.028796198143842443,0.9843549471255381,0.005609669166648437,15.239584762348281,0.0022312620671183442,15.147401068804378,0.0026226661834232454,15.316455696269193,0.08050775665054893,15.522002083855527,0.050502809342197766
4,3.3440011248603696,,,56261.69199887513,0.02879691467208387,0.9843551217350578,0.005609766118785293,15.239629098808933,0.0022312910581767436,15.147307662488394,0.002622694559219961,15.293283053948961,0.08222962532582073,15.512679375933402,0.05055288951442707
5,4.339392167261394,,,56261.69194116607,0.0287987543020037,0.9843559816514228,0.005610069219928421,15.23969132361807,0.00223139494918939,15.147177846184526,0.0026228106600959564,15.272291116170862,0.08368863621039026,15.513388190236892,0.05129775636650266
