comb,m1,m2,m3,Tmax,Tmax_err,st,st_err,gmax,gmax_err,rmax,rmax_err,Jmax,Jmax_err,Hmax,Hmax_err
0,-7.653286116299569,,,56261.692000402014,0.02872827591922423,0.9843371955627722,0.005596599911204533,15.240191223319364,0.0022261721025956522,15.146151510530034,0.0026166472191246626,,,15.465890585052405,0.030747656772560937
1,-3.648805313910998,,,56261.69198713209,0.02873109018711575,0.9843378613878303,0.005597141990260462,15.240200102578601,0.0022263822468767225,15.146131889436246,0.0026168953827297946,,,15.450939617395123,0.02437347471321025
2,-2.663686513020366,,,56261.692019846356,0.0287278906783937,0.9843364488440696,0.005596539116983264,15.240166714707907,0.0022261566471730877,15.146202238137354,0.0026166301497631728,,,15.496763350351927,0.02486829379242824
3,2.3538314577235724,,,56261.692057431166,0.02872540183595483,0.9843352906023579,0.005596079181568277,15.240121899624556,0.002225988265044898,15.146296738040311,0.002616434496278955,,,15.544008024574241,0.05043135922429322
4,3.343946717432118,,,56261.69205328256,0.028724948630890975,0.9843353258700469,0.005595987930212913,15.240127147438649,0.0022259509959413103,15.146285662244397,0.0026163902444309344,,,15.53159223472971,0.05048040502958228
5,4.33927714528545,,,56261.69205618805,0.028724845695722496,0.9843352308023702,0.005595970005417286,15.240122999605997,0.0022259451984057584,15.146294363678987,0.002616383548595061,,,15.528501512579755,0.05122168645563417
