comb,m1,m2,m3,Tmax,Tmax_err,st,st_err,gmax,gmax_err,rmax,rmax_err,Jmax,Jmax_err,Hmax,Hmax_err
0,-7.654077133782266,,,56261.6927914195,0.02878977481237841,0.9844761834675883,0.0056094766794535155,15.239631434815486,0.0022306399411731095,15.147417346729274,0.0026223369999715794,15.320661454757506,0.031188683570307595,,
1,-3.648924506538606,,,56261.69210632472,0.028805025243879123,0.9843659315808068,0.005611648947658389,15.2396638384139,0.0022319897594853207,15.147253486729207,0.002623562462436041,15.28384172086397,0.026276595576393228,,
2,-2.6637573849075125,,,56261.69209071824,0.028804507708474404,0.9843663391880814,0.005611532954158585,15.239687774740885,0.002231936500578289,15.147204128512222,0.0026234982917292963,15.270578167227649,0.0269125048212632,,
3,2.353727044108382,,,56261.69216184478,0.02880144016126395,0.9843655657673747,0.005611003827452496,15.239610226457044,0.0022317445486040787,15.14736806218053,0.002623281535309859,15.316918263045231,0.08051376557353097,,
4,3.3438663837878266,,,56261.692133616205,0.028802066086520264,0.9843660201933933,0.005611099005077259,15.239642633346202,0.0022317739098176564,15.147299938013543,0.002623312983827604,15.292909810173235,0.08223581266982592,,
5,4.339233376987977,,,56261.692099956344,0.028803455514016595,0.9843667787519991,0.005611339077905598,15.239679462833967,0.0022318581209432053,15.14722272123904,0.002623409381841647,15.270857491352157,0.08369479818382466,,
