comb,m1,m2,m3,Tmax,Tmax_err,st,st_err,gmax,gmax_err,rmax,rmax_err,Jmax,Jmax_err,Hmax,Hmax_err
0,7.195665298109816,-1.2884458129992709,,57013.88566803522,0.10550587018630624,1.1350408256845839,0.0184313094449784,15.540376319380263,0.007726717088885351,15.70975670431187,0.012176710195691172,16.4135851027313,0.10235797684958017,,
1,-9.763920052988396,14.198191058127122,,57013.8770311641,0.10772105599267758,1.1398451217605983,0.018876611087895075,15.540402506988293,0.007668929534006555,15.712443617151084,0.012272580606403611,16.506788784294972,0.11904824717837466,,
2,7.206133539548318,22.68413353955475,,57013.87519979378,0.10784273459080719,1.1399073542832463,0.018867427687664518,15.540686050459437,0.007668648797535037,15.711655909631938,0.012267627576873521,16.259263064944015,0.2274861520879271,,
