comb,m1,m2,m3,Tmax,Tmax_err,st,st_err,gmax,gmax_err,rmax,rmax_err,Jmax,Jmax_err,Hmax,Hmax_err
0,-9.76109374119551,,,57013.874204852305,0.10819342044473122,1.1404122417052718,0.018936521293830014,15.541212769043188,0.007692517525128595,15.710609597580747,0.012304814394005756,,,16.4843849839069,0.1855534107598168
1,7.2064193413898465,,,57013.87491399194,0.10828302352412442,1.1400904414643123,0.018941796071623683,15.541128278886617,0.007696182540292506,15.71079499115531,0.01230296441653436,,,16.56981795770429,0.2064594215527667
2,38.1628251978691,,,57013.87450813547,0.10820494984850985,1.140348539114641,0.018943026826337077,15.54113937217128,0.007694386366163166,15.71078236190034,0.012309714982897558,,,16.51469970164583,0.25261280161629707
