comb,m1,m2,m3,Tmax,Tmax_err,st,st_err,gmax,gmax_err,rmax,rmax_err,Jmax,Jmax_err,Hmax,Hmax_err
0,-9.763963929108286,,,57013.87707504022,0.10838315826260204,1.1399867556816503,0.01899635619634329,15.540356251239695,0.007713032101570823,15.712467105747354,0.012352174931417537,16.511785918715468,0.12426145167391922,,
1,7.207445294494391,,,57013.873888038834,0.10834172792424496,1.1405300604804536,0.018970840412413453,15.540683384110537,0.007704420144613229,15.711649981669723,0.012330516844399909,16.232800143406603,0.24361234100683654,,
2,38.16150197233219,,,57013.87583136101,0.1083924363380219,1.139756499816663,0.01898146993523021,15.540531788738258,0.007708293402617179,15.712079990598905,0.012335030845727464,16.44497751877034,0.4588755152098543,,
