comb,m1,m2,m3,Tmax,Tmax_err,st,st_err,gmax,gmax_err,rmax,rmax_err,Jmax,Jmax_err,Hmax,Hmax_err
0,7.209044340954279,-1.2750667701548082,,57013.872288992374,0.10756290584307791,1.140323281046338,0.01883124299626204,15.541127390708212,0.007659584860222089,15.710762416813662,0.012237112041846339,,,16.5243196974465,0.13029783541202278
1,-9.76065127637412,14.2014598347414,,57013.873762387484,0.10749387849985322,1.1402904212641833,0.018767476272160334,15.541176928151703,0.007654727592541598,15.710667650726688,0.012220247941189009,,,16.49420385182528,0.14643320401870913
2,7.206427477038233,22.684427477044665,,57013.87490585629,0.10770337617802227,1.1401173197861436,0.018835580410480876,15.541131953429028,0.007656054207713316,15.71075506647793,0.012238622537455956,,,16.54764526500123,0.16710409506914697
