comb,m1,m2,m3,Tmax,Tmax_err,st,st_err,gmax,gmax_err,rmax,rmax_err,Jmax,Jmax_err,Hmax,Hmax_err
0,7.195314351833076,11.857906944431306,47.92422222223104,57013.886018981495,0.10373149064460536,1.135064056441478,0.01812344703348783,15.540233663007543,0.007621087708944658,15.710170871351771,0.01200032596657473,16.414062777398712,0.0984060682198913,16.509075902946005,0.11498137435135336
