comb,m1,m2,m3,Tmax,Tmax_err,st,st_err,gmax,gmax_err,rmax,rmax_err,Jmax,Jmax_err,Hmax,Hmax_err
0,-9.764534516762069,,,57013.87764562787,0.10850257768861168,1.1398683607346045,0.01902541499521634,15.540084556857733,0.007721886653222166,15.713201386565213,0.012370043639673893,16.51487257255526,0.12440617919759582,16.476136887775,0.1867633256418166
1,7.20693461803603,,,57013.87439871529,0.10848179596624528,1.1400372208418375,0.018979485043255837,15.540716223053481,0.007710670619357476,15.711579735747057,0.012339023839259286,16.22772930133157,0.24395700151183164,16.529141644891652,0.20689467431423222
2,38.162589875581034,,,57013.87474345776,0.10590055100491912,1.1398357604270541,0.01892483598630698,15.540383882334641,0.007712640476568192,15.711879891442983,0.012270589827107868,16.447243300108585,0.4503667844125066,16.51587467786852,0.249857853423386
