comb,m1,m2,m3,Tmax,Tmax_err,st,st_err,gmax,gmax_err,rmax,rmax_err,Jmax,Jmax_err,Hmax,Hmax_err
0,-11.409226498387852,-11.994226498387661,,2166.114226498388,0.16711186079709717,1.0676130675469215,0.03796728102919546,15.278096863955547,0.004769214795923815,15.266542894208886,0.0050737855493227044,16.011007643258786,0.07973507745476682,16.030177842992977,0.0692503889356131
