comb,m1,m2,m3,Tmax,Tmax_err,st,st_err,gmax,gmax_err,rmax,rmax_err,Jmax,Jmax_err,Hmax,Hmax_err
0,-12.658416685364955,,,2166.1934166853653,0.17277531750011824,1.092541531414276,0.04245951091746548,15.27981844531321,0.004497998874327926,15.266699008525594,0.004671596562441726,16.182068994302956,0.11576067113500425,,
1,-11.4872996422705,,,2166.1922996422704,0.17318689592697722,1.0929978060969674,0.042598719296546815,15.279960934805175,0.0045056134601213615,15.266413081485602,0.004679327369044962,16.025990204465668,0.09167681208053871,,
