comb,m1,m2,m3,Tmax,Tmax_err,st,st_err,gmax,gmax_err,rmax,rmax_err,Jmax,Jmax_err,Hmax,Hmax_err
0,-11.487403327471839,-12.072403327471648,,2166.1924033274718,0.16764882119598262,1.0946793254000153,0.04137391904683837,15.28109666867527,0.004348687475716378,15.264017760122767,0.004517729487746211,,,16.019858326099026,0.06228245081154188
