comb,m1,m2,m3,Tmax,Tmax_err,st,st_err,gmax,gmax_err,rmax,rmax_err,Jmax,Jmax_err,Hmax,Hmax_err
0,-12.65618096643857,,,2166.191180966439,0.17321219843322772,1.0944437389108272,0.04272930115753764,15.281079935373858,0.0044947570520045095,15.264043888366134,0.004668632487753365,,,16.03913888841314,0.11814224304333427
1,-11.486104025522764,,,2166.1911040255227,0.17325140358535993,1.0944956361745992,0.04274318507294758,15.281094846113985,0.0044953630847328,15.264014309974696,0.0046692836942440865,,,16.01284614845498,0.07448533769024912
