comb,m1,m2,m3,Tmax,Tmax_err,st,st_err,gmax,gmax_err,rmax,rmax_err,Jmax,Jmax_err,Hmax,Hmax_err
0,-11.405983419980657,-11.990983419980466,,2166.1109834199806,0.17242112214180666,1.0676526534379518,0.039180936274684906,15.2783019534779,0.0049081474059035615,15.26610259748886,0.005217039404363063,16.0084060462127,0.08218631518755183,,
