comb,m1,m2,m3,Tmax,Tmax_err,st,st_err,gmax,gmax_err,rmax,rmax_err,Jmax,Jmax_err,Hmax,Hmax_err
0,-12.659058124887451,,,2166.1940581248878,0.17213379983005458,1.0913442690772386,0.04220264200644853,15.279497384558654,0.004491877627550028,15.267304282061676,0.004665225143493524,16.17882501993626,0.11515404334198802,16.036959762433543,0.11846691596889662
1,-11.487485124413524,,,2166.1924851244135,0.17304616588847915,1.0923860380086623,0.04250916925616814,15.27971208207027,0.0045072239951539,15.266908035116947,0.004680951013572137,16.028640611873698,0.09144624058451839,16.017266074929662,0.07471584379481185
