comb,m1,m2,m3,Tmax,Tmax_err,st,st_err,gmax,gmax_err,rmax,rmax_err,Jmax,Jmax_err,Hmax,Hmax_err
0,-4.420845316287796,,,1886.9658453162876,0.07241072335830702,1.0179917319052132,0.009839617474256827,16.137077212381662,0.006479344036431872,16.25589608644816,0.007252062822915659,16.762182639962536,0.03791292379309999,,
1,0.6122932564273924,,,1886.9627067435724,0.5323875266462522,1.017238086412748,0.00980712236435096,16.13688274056291,0.006481162316748879,16.255814673225398,0.007249213685271417,16.77998161667267,0.09288162456893673,,
2,2.611326806182433,,,1886.9626731938174,0.5323800936792138,1.0172317969864242,0.009805777590386304,16.136920852656782,0.006480479547145421,16.2557101498641,0.00724841068650853,16.74163889883305,0.11525628873128975,,
3,3.607348295363181,,,1886.962651704637,0.5323751840692401,1.0172296243986658,0.009804965969417186,16.136944032362017,0.00648001438471057,16.255648539890686,0.007247880139291711,16.725564114296464,0.10772896649065235,,
4,5.571228748079648,,,1886.9627712519205,0.5324017973443342,1.0172514608853438,0.009809754586703329,16.13680851521164,0.006482463948187942,16.256019616878625,0.007250753961596796,16.80920670683692,0.13376280011411396,,
5,7.5713115086191465,,,1886.962688491381,0.5323822807944483,1.0172344472889672,0.009806209394902453,16.136908065249358,0.006480679819841589,16.2557455962109,0.0072486505773559865,16.773360972371478,0.15493268372709712,,
6,12.567238620418493,,,1886.9627613795815,0.14239921317896664,1.0172493026106741,0.00980929017451551,16.13682142539164,0.00648222822817816,16.25598407833292,0.007250476878663461,16.840575209531224,0.20669189290393414,,
7,25.58234818953656,,,1886.9626518104633,0.1423740032245333,1.0172287116422156,0.009804760336560657,16.136949191985572,0.006479910155514933,16.25563404814215,0.007247756022394753,16.908156085973047,0.19987236220028717,,
8,32.5843755227736,,,1886.9622911438928,0.14229784900579584,1.0171623481107503,0.009790888957087913,16.137347554315365,0.006472908715491379,16.254542446872318,0.007239517141626596,16.725173331396086,0.21451697870710046,,
