comb,m1,m2,m3,Tmax,Tmax_err,st,st_err,gmax,gmax_err,rmax,rmax_err,Jmax,Jmax_err,Hmax,Hmax_err
0,-4.417578159966297,,,1886.9625781599661,0.07181048489082112,1.0168885317966698,0.009714564051196943,16.136783680303356,0.0064310730107233404,16.255817887468318,0.0071904754722389615,16.770982702529224,0.03764622897725152,17.112045122778238,0.09482932270126927
1,0.6124169894771967,,,1886.9625830105226,0.5318166884909834,1.0168924247490054,0.00971556965554716,16.136781776886,0.006431616149726063,16.25582604911175,0.007191111058622978,16.782332503107632,0.09255776017157091,17.05976029983027,0.10672668248810441
2,2.611571984507009,,,1886.9624280154928,0.5318349747547122,1.0168908205283242,0.009717614642611458,16.136997368764302,0.006433052069794327,16.25526770172242,0.007192743008183015,16.756072962546522,0.11479033117087216,17.250868066435277,0.17414133743637542
3,3.607539465991067,,,1886.962460534009,0.5318066240964735,1.0168774989927152,0.009713322991200864,16.136935049328397,0.006430620875124549,16.255417579360326,0.00718991664416189,16.73408514134268,0.10730597948416029,17.11672271541054,0.19381040751234557
4,5.571379489545734,,,1886.9626205104544,0.5318646255587922,1.0169221210639057,0.009723331025340317,16.13676631848509,0.006435815944661403,16.255890741196303,0.007196022793336518,16.812834802092535,0.13317046432996277,17.10842461055794,0.17533486221616615
5,7.571504851677446,,,1886.9624951483227,0.5318237902656797,1.0168897509291133,0.009716217429530804,16.136901734272076,0.006432146563622963,16.255513845029864,0.007191705979906786,16.776901370738674,0.1541624645423373,17.045593409018302,0.17630511956468667
6,12.567470628324145,,,1886.9625293716758,0.1418828374353769,1.0169253480575449,0.023465709072198297,16.136898052813535,0.006437307644637538,16.255553005230208,0.007197738170128892,16.83685951902829,0.20544912130431212,17.133833964717127,0.18178866006602845
7,25.582604274259438,,,1886.9623957257404,0.14182215147254246,1.0168811643179054,0.02345541741764023,16.137030732333713,0.006431906190343768,16.25517350127428,0.007191397100960673,16.89091314994987,0.19859414658099175,17.04553675505201,0.1613876773412583
8,32.584591312446264,,,1886.9620753542201,0.14160667727866422,1.016735720923491,0.00967972436825859,16.13729997550352,0.0064128772237039946,16.254357672117123,0.007169105355153109,16.715467632597566,0.21273275991017626,16.763620931557135,0.12592650252658577
