comb,m1,m2,m3,Tmax,Tmax_err,st,st_err,gmax,gmax_err,rmax,rmax_err,Jmax,Jmax_err,Hmax,Hmax_err
0,-4.417516633479636,,,1886.9625166334795,0.07276129728738406,1.017391291036189,0.009863774596204893,16.137668759199435,0.006513898742830719,16.253834633607735,0.007287106337480023,,,17.141913210201892,0.09603234433353192
1,0.6124562911220437,,,1886.9625437088778,0.5327629952607665,1.0173930304424406,0.009864119173775407,16.13765824041088,0.006514060234993157,16.253862929616115,0.007287293905581829,,,17.106320569950366,0.10782292281454435
2,2.6113642493000953,,,1886.9626357506997,0.5327127166769521,1.0173668479295996,0.00985653006441314,16.13751525841094,0.00650984681882923,16.254219455144426,0.007282346072621193,,,17.2858658485045,0.1759555515444005
3,3.607422040503252,,,1886.962577959497,0.532743678212854,1.0173832239152776,0.009861211395438364,16.13760322882717,0.006512438387750497,16.25400043129368,0.007285392322449421,,,17.154723257370243,0.1959965305823371
4,5.571395896523882,,,1886.9626041034762,0.5327315398804147,1.0173762525129393,0.009859360090503193,16.13756856594349,0.006511430392287944,16.25408591373065,0.007284201109532506,,,17.152984284890902,0.1771505684226743
5,7.571409211475611,,,1886.9625907885245,0.5327371596321214,1.0173796474928327,0.009860221095003875,16.137584874212852,0.00651189442950352,16.254045905332205,0.007284751083793486,,,17.07897361716389,0.17823416705001768
6,12.56733025315907,,,1886.962669746841,0.14269606080928743,1.0173575980722802,0.009853999549191686,16.13746710562305,0.006508459076431259,16.254338864381324,0.007280709848741521,,,17.162176397485855,0.18363817558700565
7,25.582371316485933,,,1886.962628683514,0.14271623395427988,1.0173688301977606,0.00985706637402857,16.137525025227042,0.006510139676587088,16.25419534222093,0.007282691734296315,,,17.078411156525316,0.1631616087734836
8,32.58424924250721,,,1886.9624174241592,0.14282500609602233,1.0174271941875017,0.00987353723235717,16.137833095192335,0.00651922933941704,16.25343050345017,0.007293386348685377,,,16.777445403010134,0.1278236501925819
