comb,m1,m2,m3,Tmax,Tmax_err,st,st_err,gmax,gmax_err,rmax,rmax_err,Jmax,Jmax_err,Hmax,Hmax_err
0,-7.716142347268658,,,406.4661423472687,0.0306297194185815,1.2146750958724095,0.002856866943674027,15.870294996128335,0.0018521163757055574,16.005743663743203,0.002023542257170103,,,16.71578935219045,0.03541182101307792
1,-1.7263375887860661,,,406.46633758878613,0.030631035829285367,1.2146667775677544,0.002857061160752243,15.870273375955207,0.0018522920949894219,16.005803285606017,0.0020237289471732828,,,16.746750844242086,0.034597909840257825
2,12.22834071897546,,,406.46665928102453,0.10063109049823626,1.214653941727472,0.002857185647835188,15.870233382600162,0.0018524522578826836,16.0059135143949,0.002023895380095322,,,16.705266876742797,0.05519840168325855
3,16.22247557917052,,,406.4664133097184,0.1006306448115222,1.21466444777257,0.002857051717919779,15.870264758120015,0.001852302134583509,16.005828657149213,0.002023737536170924,,,16.603557843072604,0.06313054680959769
4,20.228283586263103,,,406.466716413737,0.10063332659245101,1.2146516478061908,0.0028574178123368216,15.870227288444918,0.0018526154814281978,16.00593159030791,0.0020240717214399374,,,16.68338961385766,0.04719604887682563
5,21.21825874075796,,,406.466741259242,0.10063189866753028,1.2146511301928906,0.002857293857680039,15.870224110029099,0.0018525406055639806,16.00594080941373,0.0020239892373915473,,,16.688400454096126,0.044932404343607964
6,27.177967082996474,,,406.46703291700356,0.1006322613829545,1.214639753920828,0.002857438283527464,15.870188379108372,0.0018527046283484136,16.00604001004647,0.0020241610221734515,,,16.759206465291438,0.04712134242086505
7,48.16248189417581,,,406.4665181058242,0.10063138127303359,1.2146607270597316,0.002857161123233546,15.870251152300998,0.0018523996001477369,16.005866498707977,0.0020238411029902615,,,16.77853198182144,0.07047387758230457
8,49.13697343745764,,,406.4666629261787,0.10063164119385254,1.2146548622264501,0.0028572405188485575,15.87023339216854,0.001852486403393106,16.00591559072288,0.002023932073890747,,,16.812590057163955,0.07006444648978537
9,50.14014233711447,,,406.4665243295522,0.10063121612184349,1.2146603931819944,0.002857147458780184,15.870250597280235,0.0018523921942882092,16.00586802288464,0.002023833002211412,,,16.77519792878658,0.07413874823457983
