comb,m1,m2,m3,Tmax,Tmax_err,st,st_err,gmax,gmax_err,rmax,rmax_err,Jmax,Jmax_err,Hmax,Hmax_err
0,-7.402605991447899,,,1801.987605991448,0.05163736729723017,0.9981747446625147,0.007118828181278605,16.741958005508764,0.003630106054347514,16.857755888552784,0.0042517594432444576,,,17.858960091106326,0.08164578495253513
1,-5.417407487444507,,,1801.9874074874447,0.051758146962510555,0.9982351676476109,0.007136466739199907,16.742184664644494,0.003638190299970032,16.857154336085735,0.004261626490118664,,,17.630023730065417,0.10706071104586143
2,-2.437421872977893,,,1801.9874218729778,0.051749266241974186,0.9982308038336489,0.007135170102767561,16.742168094693533,0.0036375954412648298,16.857198355892354,0.004260900638656902,,,17.61698359664333,0.13121779026433547
