comb,m1,m2,m3,Tmax,Tmax_err,st,st_err,gmax,gmax_err,rmax,rmax_err,Jmax,Jmax_err,Hmax,Hmax_err
0,-2.4398824573588627,-5.088215790692099,4.964999999999918,1801.9898824573588,0.05114907855060431,0.9980218158695245,0.007053947995099558,16.74037524959167,0.003603687596719061,16.86226018265063,0.004219603878151611,17.598414648513806,0.03506093027633979,17.673281766406394,0.058570185439888886
