comb,m1,m2,m3,Tmax,Tmax_err,st,st_err,gmax,gmax_err,rmax,rmax_err,Jmax,Jmax_err,Hmax,Hmax_err
0,-7.4033918601785444,,,1801.9883918601786,0.05106650326903221,0.9979176919027948,0.00703541715334831,16.740650768224683,0.0035912484416983368,16.86130750444015,0.004204533316974548,17.53561427668206,0.08540200902087981,17.794214509384688,0.08077286311928135
1,-5.41894287081368,,,1801.9889428708138,0.050944731245655815,0.9978721532707361,0.007018271442630432,16.740100763518054,0.003583284623270085,16.86284770607149,0.0041950700827406455,17.60471140176501,0.04309284664054379,17.534764078453975,0.10544995711869237
2,-2.4388361034134505,,,1801.9888361034134,0.05095983526823892,0.9978762043571092,0.007020327257283254,16.740198907376282,0.003584247444901527,16.862567316894054,0.00419619021884567,17.580738261631456,0.08147527519653916,17.53402496649468,0.12929805057235097
