comb,m1,m2,m3,Tmax,Tmax_err,st,st_err,gmax,gmax_err,rmax,rmax_err,Jmax,Jmax_err,Hmax,Hmax_err
0,-2.4318662095538457,-5.080810653998924,4.965333333333547,54801.48436620955,0.05070381858755428,0.9990116159070388,0.007003144093041983,16.740985438835324,0.003563003860354292,16.861750875000038,0.0041799701345063,17.610308290571258,0.034675168577442336,,
