comb,m1,m2,m3,Tmax,Tmax_err,st,st_err,gmax,gmax_err,rmax,rmax_err,Jmax,Jmax_err,Hmax,Hmax_err
0,-2.43381703770865,-5.082761482153728,4.965333333333547,54801.48631703771,0.05119480360906424,0.9983806790155292,0.0070632831974056474,16.740526124667657,0.0036034731446015784,16.86242254671399,0.004221865855448085,17.598608060243222,0.035065228659718055,17.673542661820203,0.05857629396645057
