comb,m1,m2,m3,Tmax,Tmax_err,st,st_err,gmax,gmax_err,rmax,rmax_err,Jmax,Jmax_err,Hmax,Hmax_err
0,-2.437961454843844,-5.086294788177081,4.964999999999918,1801.9879614548438,0.05066217721610136,0.9986446401133721,0.0069938810474092184,16.740832688009046,0.003563779249501316,16.86158537285994,0.004178058816333474,17.610124896673636,0.034676184998636075,,
