comb,m1,m2,m3,Tmax,Tmax_err,st,st_err,gmax,gmax_err,rmax,rmax_err,Jmax,Jmax_err,Hmax,Hmax_err
0,-2.434101976636157,-5.083046421081235,4.965333333333547,54801.486601976634,0.05275678256880569,0.9983948477253513,0.0072783787289239935,16.74215387397018,0.0037090593782059876,16.857658938074863,0.004345373461737994,,,17.757725861374183,0.060258040069836635
