comb,m1,m2,m3,Tmax,Tmax_err,st,st_err,gmax,gmax_err,rmax,rmax_err,Jmax,Jmax_err,Hmax,Hmax_err
0,-2.4407610743305668,-5.089094407663803,4.964999999999918,1801.9907610743305,0.05136605898681851,0.9982188413531221,0.007087725196408832,16.74043361299056,0.003618330117675303,16.86231045221085,0.004238498410217108,17.598319076834073,0.035204591261257565,17.673266382211207,0.0588098829486001
