comb,m1,m2,m3,Tmax,Tmax_err,st,st_err,gmax,gmax_err,rmax,rmax_err,Jmax,Jmax_err,Hmax,Hmax_err
0,-5.418311476918234,-6.410811476918298,,1801.9883114769184,0.05206863014330172,0.9981133651592632,0.0071760217373891665,16.740394647396684,0.0036629600699315842,16.86228705488854,0.004290017661155595,17.602183988952593,0.039436121810938723,17.702751039483683,0.06628896913152213
1,-2.438803542770529,-4.921303542770488,,1801.9888035427705,0.051080969101809044,0.9980251561114352,0.0070441296742992585,16.74053328455703,0.003598391529977031,16.86178786816837,0.004213389571722513,17.56646412554275,0.05908497980139145,17.72899478553186,0.06946245752725477
2,-2.4394738959088045,-3.9294738959087,,1801.9894738959088,0.04926390940419021,0.9978326850259293,0.006789427255178728,16.74013240485598,0.0034677214092101033,16.862718080466323,0.004059372286356099,17.59952946352236,0.03687733237872711,17.533817011221124,0.07907684127367769
