comb,m1,m2,m3,Tmax,Tmax_err,st,st_err,gmax,gmax_err,rmax,rmax_err,Jmax,Jmax_err,Hmax,Hmax_err
0,-2.4401955947189435,-5.08852892805218,4.964999999999918,1801.990195594719,0.05269846683297379,0.9980289555542324,0.007267147665749824,16.742001017500712,0.0037085469973950095,16.857494024108632,0.00434211931031876,,,17.757467801861598,0.060239908998967764
