comb,m1,m2,m3,Tmax,Tmax_err,st,st_err,gmax,gmax_err,rmax,rmax_err,Jmax,Jmax_err,Hmax,Hmax_err
0,-5.413108379492769,-6.405025046158698,,54801.48410837949,0.051606637198393306,0.9990353896355599,0.007124831472185248,16.740982747858332,0.0036231844195097457,16.861781210429783,0.004250958728783869,17.612147370163996,0.03901698469569728,,
1,-2.430883133696625,-4.913549800363398,,54801.483383133695,0.05081502299310335,0.9987404134070584,0.0070137794183945815,16.740979453494145,0.0035724976912912426,16.861456743755134,0.004188443915878646,17.570014766937348,0.05867248941597372,,
2,-2.4331534803422983,-3.9239034803431423,,54801.48565348034,0.05063462050410454,0.9984700434574892,0.006986022064093725,16.740811237121054,0.0035592852094832317,16.86165347976066,0.004171010206566538,17.624681043812338,0.03786078394394973,,
