comb,m1,m2,m3,Tmax,Tmax_err,st,st_err,gmax,gmax_err,rmax,rmax_err,Jmax,Jmax_err,Hmax,Hmax_err
0,-7.397650514147244,,,54801.48481718081,0.05110648376848826,0.9982771087972501,0.007043952841225223,16.74080058196039,0.0035906438846317057,16.86147406024049,0.004206340671225768,17.53626409561635,0.08539783360908845,17.794539931196095,0.08076673930213697
1,-5.414362620620523,,,54801.48536262062,0.05098767639626732,0.9982328066999189,0.007027671129898435,16.740252435629664,0.003582661803637981,16.86301033932472,0.004197120166352226,17.604886562249423,0.04309335008072327,17.53481704229446,0.1054516568776926
2,-2.4327693562809145,,,54801.48526935628,0.05100284568834107,0.9982372455395425,0.007029755401211635,16.740352065693767,0.0035836336906512026,16.86272910441734,0.004198257845471404,17.58056222431388,0.08148046925990053,17.533860684814595,0.12930410142515616
