comb,m1,m2,m3,Tmax,Tmax_err,st,st_err,gmax,gmax_err,rmax,rmax_err,Jmax,Jmax_err,Hmax,Hmax_err
0,-5.414314879017184,-6.406231545683113,,54801.48531487901,0.05278680666580135,0.9984644400221347,0.007280942857863666,16.74215660058937,0.0037089968022080986,16.857711976807135,0.004346023213098665,,,17.787372629146066,0.06708104944163716
1,-2.4333751224257867,-4.91604178909256,,54801.485875122424,0.05242630632641386,0.9984396864680563,0.007232490177066567,16.74212302883425,0.0036848351806927446,16.85779508408764,0.004317467490106075,,,17.803531291135688,0.07113166968025421
2,-2.431338674716244,-3.922088674717088,,54801.483838674714,0.05088805517390951,0.9985937968963174,0.0070199378019551424,16.742322160186927,0.0035738685073610113,16.857357686102304,0.0041887627604827084,,,17.624838684185146,0.08151225407153674
