comb,m1,m2,m3,Tmax,Tmax_err,st,st_err,gmax,gmax_err,rmax,rmax_err,Jmax,Jmax_err,Hmax,Hmax_err
0,-7.396854153710592,,,54801.484020820375,0.05168636098177747,0.9985390153708825,0.007128686336677037,16.742110502876976,0.0036300452219276166,16.857920016270615,0.004254274393201907,,,17.859355402450422,0.08165218427661308
1,-5.412823239341378,,,54801.48382323934,0.05180694043016778,0.9985995134095171,0.0071463035129088505,16.742337583444183,0.0036381029453044834,16.85731722326727,0.004264116324041269,,,17.63009894178132,0.10707864100225088
2,-2.4313530550934956,,,54801.48385305509,0.05179867046787421,0.9985955350255916,0.007145111423482984,16.74232191069965,0.0036375595271261945,16.857362164670267,0.004263455319316205,,,17.61681530320679,0.13124523894251766
