comb,m1,m2,m3,Tmax,Tmax_err,st,st_err,gmax,gmax_err,rmax,rmax_err,Jmax,Jmax_err,Hmax,Hmax_err
0,-5.417718501742229,-6.410218501742293,,1801.9877185017424,0.05156485926193417,0.9986681098216654,0.007115486715415981,16.74083039549341,0.003624023169112023,16.8616161114526,0.0042490658120819666,17.61188466040407,0.03901956518647705,,
1,-2.436944398896003,-4.919444398895962,,1801.986944398896,0.050772639028156916,0.99837835585385,0.007004887681023821,16.740827379722088,0.0035729549145358907,16.86129258314108,0.004186455919241898,17.56982693342706,0.05866873826881524,,
2,-2.4392239942224023,-3.9292239942222977,,1801.9892239942224,0.0505852102704698,0.9981075047634423,0.006976167394241388,16.740658546321598,0.0035592235092310478,16.861490138273545,0.004168423481057798,17.624575699798275,0.037852243967044695,,
