comb,m1,m2,m3,Tmax,Tmax_err,st,st_err,gmax,gmax_err,rmax,rmax_err,Jmax,Jmax_err,Hmax,Hmax_err
0,-7.39861617909628,,,54801.48578284576,0.05176913301918633,0.9987314887731013,0.007144803904256205,16.741056975231,0.0036354015624083754,16.861221508346606,0.004262810144136858,17.532010222007518,0.08647089883349236,,
1,-5.414137977786595,,,54801.48513797778,0.051487168328107895,0.9985148780535651,0.007101501686129683,16.740805926652556,0.0036167462357323335,16.861712942866035,0.0042388360860146366,17.630809555703614,0.04350335735314458,,
2,-2.4325961471840856,,,54801.48509614718,0.051495874314192606,0.9985167033332872,0.007102694229330837,16.740858409205963,0.003617314426352808,16.86156434025681,0.004239498219775663,17.602170804901778,0.0822458798836414,,
