comb,m1,m2,m3,Tmax,Tmax_err,st,st_err,gmax,gmax_err,rmax,rmax_err,Jmax,Jmax_err,Hmax,Hmax_err
0,-5.419190685139029,-6.411690685139092,,1801.9891906851392,0.05229824774673897,0.9983102464197041,0.007211589858789785,16.740453150095473,0.003678456571402312,16.86233668322251,0.00430994775605438,17.602076805601918,0.03960457582542986,17.702723314883734,0.06657200727829488
1,-2.4387964332377123,-4.921296433237671,,1801.9887964332377,0.05108297024282708,0.998020292783022,0.007044319130121101,16.74053187968237,0.003598557061204267,16.861786171856316,0.004213541768874988,17.56646215490552,0.05908764171767075,17.72899528512559,0.06946557282642966
2,-2.4394689577586632,-3.9294689577585586,,1801.9894689577586,0.049266607135587996,0.9978275706395507,0.00678971270309809,16.740130901223438,0.0034679372483386456,16.8627163479085,0.004059583335344186,17.59953298722017,0.03687959968380444,17.533814038055866,0.07908173021777912
