comb,m1,m2,m3,Tmax,Tmax_err,st,st_err,gmax,gmax_err,rmax,rmax_err,Jmax,Jmax_err,Hmax,Hmax_err
0,-9.78825798034984,,,698.3132579803498,0.08732440461228134,0.9010560770908287,0.012372422166019099,15.46496146806962,0.009846568783644588,15.301569719808812,0.009230450563970854,15.413665576632294,0.10480892075504132,,
1,-6.7832483945488775,,,698.3132483945487,0.0870783913362939,0.9009504635072134,0.012335480468345478,15.464672360237147,0.009819471786063171,15.301734381346781,0.009204364140245145,15.4197752857427,0.06282250313220245,,
2,-4.778245277373912,,,698.3132452773739,0.0870775629413315,0.9009492143647554,0.012335329449481201,15.464680538390397,0.009819383760867276,15.30171661738347,0.009204277643041747,15.415991405876381,0.05621158152138938,,
3,-1.8282431429837516,,,698.3132431429838,0.08707717871447396,0.9009485916808873,0.012335255632244807,15.464684744865906,0.009819342610215814,15.301707508360405,0.009204237417295912,15.418113636080252,0.059836842543546785,,
4,3.2217857333174607,,,698.3132142666825,0.5470736840277991,0.9009435217732151,0.012334595834214262,15.464727687757378,0.009818958635921667,15.301615862960189,0.009203863169131493,15.386458217355521,0.14119305217115025,,
5,7.17687411396696,,,698.3131258860329,0.5470624162402201,0.900926769649761,0.012332467208446449,15.46486446620087,0.009817727927978019,15.301323439100418,0.009202661331011608,15.323234352618021,0.17863311848132074,,
6,12.206892361942664,,,698.3131076380573,0.1570617506360712,0.9009254923099811,0.012332317995690328,15.46487977899029,0.009817649568975437,15.301291414264234,0.009202585100551604,15.336364098933652,0.3427406396973397,,
7,16.232065657317435,,,698.3129343426826,0.15703939521146565,0.9008919769906019,0.012328089031438512,15.46515286960945,0.009815210142431727,15.300707997607098,0.009200201343410888,15.210332457833532,0.29666935671070194,,
