comb,m1,m2,m3,Tmax,Tmax_err,st,st_err,gmax,gmax_err,rmax,rmax_err,Jmax,Jmax_err,Hmax,Hmax_err
0,-9.787987704535794,,,698.3129877045358,0.08722922725525882,0.9007389795433494,0.01235461639335808,15.465171086156763,0.00983816695433763,15.300482998568338,0.009221131790787086,,,15.670298317450182,0.1269571422815326
1,-6.782931648873614,,,698.3129316488735,0.08722334973859794,0.9007289011492146,0.012353649785466861,15.465202957217935,0.009837597638280652,15.30040801235414,0.009220549725040973,,,15.640834651115764,0.09091994349814278
2,-4.777915661849079,,,698.312915661849,0.0872276660048359,0.9007230335650129,0.012354126263308292,15.465224534109518,0.009838111852803422,15.300358098665544,0.009221008596282531,,,15.611372757905068,0.09466675499347751
3,-1.8279363683689098,,,698.3129363683689,0.08722191717176289,0.900730908600105,0.012353492233324737,15.465195801051824,0.009837426175929479,15.30042463956506,0.009220397093743503,,,15.64881952986415,0.07573784589596318
4,3.222077275833499,,,698.3129227241665,0.5472254045174382,0.9007264317849641,0.012353881914240304,15.465212585874575,0.009837839784745684,15.300385911256939,0.009220767046208046,,,15.593688130760803,0.13727110850766383
5,7.177070253651777,,,698.3129297463481,0.5472225298496114,0.9007312117167875,0.012353578533227619,15.465196444071454,0.009837489906174274,15.300423709437387,0.00922045803535001,,,15.57057204589379,0.1344391649196231
6,12.207070389159185,,,698.3129296108408,0.15722254625349724,0.9007313300776014,0.01235358341203665,15.465196077975545,0.009837491090440699,15.30042457595784,0.009220459454258164,,,15.525116528301997,0.14584037332841127
7,16.232108973143227,,,698.3128910268568,0.15723131053031952,0.9007210642417309,0.01235457828654724,15.465236278494134,0.009838521778035623,15.300332360116526,0.009221385223391703,,,15.468646281474447,0.128959689291616
