comb,m1,m2,m3,Tmax,Tmax_err,st,st_err,gmax,gmax_err,rmax,rmax_err,Jmax,Jmax_err,Hmax,Hmax_err
0,-9.78824886585096,,,698.3132488658509,0.0870269564281507,0.9011884838542705,0.012332092192078134,15.464961060890007,0.009812128216002166,15.301719091879585,0.009198741989566824,15.41202388133858,0.10441955321188989,15.680372029346152,0.1263096703971335
1,-6.783348935061554,,,698.3133489350614,0.0868399737201838,0.901095201169772,0.012303655208282523,15.46464356719257,0.009791540686707652,15.301950777256128,0.009178840822155865,15.418553870193708,0.06263013232900569,15.627259530511948,0.09041705855291322
2,-4.778330592455291,,,698.3133305924553,0.08682284635565443,0.9010994022008137,0.012301399146107716,15.464630896449904,0.009789629258831114,15.301980103831582,0.009177058423342438,15.414777390224705,0.0560330664940745,15.596071092551876,0.09415787462481817
3,-1.8283030852749107,,,698.3133030852749,0.08682606014604487,0.9010900602378821,0.012301627688010613,15.464671192022129,0.009790032470328554,15.301890571940952,0.009177401882681185,15.417462378690011,0.05964941202555848,15.630627477950071,0.0752792847088171
4,3.221727353376764,,,698.3132726466232,0.5468161188786859,0.9010875735013673,0.012300084439395684,15.464718694175204,0.009788902984772571,15.301792737248457,0.009176341651597936,15.386216300404689,0.14089641273853523,15.574580960902258,0.13655813476625794
5,7.176878825214885,,,698.313121174785,0.5467938354842046,0.9010584281652052,0.012296008708178695,15.464951823923569,0.009786463600526887,15.301297500372469,0.00917396896255646,15.324877528982435,0.17818860110900514,15.560375228875044,0.133718238102291
6,12.206902809387088,,,698.3130971906129,0.15679168587019565,0.9010562258483307,0.026035617848104632,15.464976129958863,0.009786219758481639,15.301246812464711,0.009173735252324866,15.331815777705343,0.3416329692552327,15.511712290553557,0.14508758511169292
7,16.232140673715776,,,698.3128593262843,0.15673799204820058,0.9010192542266403,0.026026681242665165,15.465356743795477,0.00978021576926855,15.300448855370616,0.009168017320665637,15.205896512794268,0.2956737895546907,15.459055099763695,0.12823033139283702
