comb,m1,m2,m3,Tmax,Tmax_err,st,st_err,gmax,gmax_err,rmax,rmax_err,Jmax,Jmax_err,Hmax,Hmax_err
0,-9.786330913782876,,,53697.814497580446,0.08726314682879734,0.9005972998264399,0.012368020796920407,15.469199031576407,0.009847210409385831,15.289987958087158,0.009229792844119792,,,15.670469079212873,0.12718803272545076
1,-6.78408786647924,,,53697.81442119981,0.08725798004022828,0.900586327511709,0.012367137827192131,15.46923075161772,0.009846714926466079,15.289913731023221,0.009229277587853113,,,15.641431488585209,0.09106702714238361
2,-4.775118802441284,,,53697.81440451673,0.08726192659805966,0.9005804201778623,0.012367563057139232,15.469252127581134,0.009847188552962885,15.289864538741586,0.009229698061509996,,,15.612122908801085,0.09478466270271056
3,-1.8302592600957723,,,53697.814425926765,0.08725658717616012,0.900588552709933,0.012366984520177786,15.469223466415576,0.00984654493779357,15.289930910179741,0.009229126356777619,,,15.649756762408808,0.07585213331320226
4,3.221422375543625,,,53697.814410957784,0.547259836854173,0.9005838998865626,0.01236734430662617,15.469240328428684,0.009846936029427494,15.289892036856342,0.009229474701720633,,,15.594475036162708,0.13745795137396172
5,7.1757502947803005,,,53697.8144163719,0.5472566145940287,0.9005884746734043,0.012366992509216837,15.46922446861192,0.009846549089972522,15.289929086712393,0.009229130355634546,,,15.571142075540662,0.13463037953451357
6,12.2049180270551,,,53697.814415306275,0.15725680976647716,0.9005881110456597,0.012367015318276135,15.469223800696437,0.009846573424441153,15.289930052293684,0.009229152311748796,,,15.525505609212871,0.14601586773948502
7,16.228953714497038,,,53697.81437961884,0.15726505550443348,0.9005786440963539,0.012367952190583892,15.46926420694588,0.009847538281900872,15.289838638117901,0.009230019517352049,,,15.46882332812254,0.1291063558880769
