comb,m1,m2,m3,Tmax,Tmax_err,st,st_err,gmax,gmax_err,rmax,rmax_err,Jmax,Jmax_err,Hmax,Hmax_err
0,-9.788301592359517,,,698.3133015923595,0.08682786342687568,0.90108691179915,0.012301773778746828,15.46469810477953,0.009790233275473615,15.301833383197692,0.009177572461198973,15.411837929192878,0.10420473647999719,15.680381575405779,0.12610204769485026
1,-6.783337616853714,,,698.3133376168536,0.08682558536951138,0.9010983493485933,0.012301733876254658,15.464644611094533,0.009789927015737335,15.301951404829476,0.009177327011184842,15.418559336457996,0.06261937216070097,15.627258044861808,0.09040132187571812
2,-4.778346541474093,,,698.3133465414741,0.08682127836644889,0.90110334240412,0.012301224773570608,15.464632413651513,0.009789413839016079,15.301980469109672,0.009176866598617205,15.414778388394785,0.05603158477504838,15.596070426140237,0.09415533720759338
3,-1.828319343957446,,,698.3133193439575,0.08682421417659605,0.9010939755151531,0.012301415853390904,15.464672643262457,0.009789787345954903,15.301891023710445,0.00917718178110477,15.417467482989066,0.05964759761305773,15.630625080730377,0.07527625057228225
4,3.2217097820041545,,,698.3132902179958,0.5468143301315699,0.9010914166890138,0.012299881205337765,15.46471966406963,0.009788664837922404,15.301794066921866,0.009176128025536598,15.386222194364873,0.14089352293961666,15.57458510587589,0.13655378376879387
5,7.176858789591847,,,698.313141210408,0.5467918690035151,0.90106217333321,0.01229578086513377,15.464952475666202,0.009786207289758033,15.301299341540322,0.009173738170761529,15.324899410693662,0.17818392418015122,15.560372117472413,0.1337136938522176
6,12.206874314191964,,,698.313125685808,0.1567891776781828,0.9010593224726919,0.026035307966331547,15.464976904099352,0.009785910766070612,15.301247654363344,0.00917345177522652,15.331820500371068,0.3416202058483321,15.511716563261146,0.14508284664534846
7,16.232113682944828,,,698.3128863170552,0.15673533634525455,0.9010224108107001,0.026026346744548616,15.465358921162599,0.00977988799359858,15.30044694796163,0.009167717197533181,15.205900079267742,0.29566457664201984,15.45905660769597,0.1282260849034429
