comb,m1,m2,m3,Tmax,Tmax_err,st,st_err,gmax,gmax_err,rmax,rmax_err,Jmax,Jmax_err,Hmax,Hmax_err
0,-9.78802267050196,,,53697.816189337165,0.08746918318306188,0.9010383363048141,0.01239979798412226,15.469032829036776,0.009864304174233255,15.291530294378592,0.009247293020153848,15.413665480411876,0.10501445793291496,,
1,-6.784461247458239,,,53697.81479458079,0.0871139626119767,0.9008125580668798,0.01234899159230599,15.46865889186927,0.009828617056120396,15.291315895614085,0.00921307820146782,15.420112743117006,0.06291907609799721,,
2,-4.775513066859276,,,53697.814798781146,0.08711420073725575,0.9008130162480381,0.01234904118248169,15.468653451206126,0.00982864530098014,15.291326996139684,0.009213105231034783,15.424407399178214,0.05494646372205167,,
3,-1.8306238846344058,,,53697.8147905513,0.08711269630503171,0.9008108141056997,0.01234876008560916,15.46867056102621,0.009828480895326756,15.291291097184951,0.009212944375914203,15.41880417532308,0.0599035991265803,,
4,3.2210736510023708,,,53697.814759682326,0.5471089167483314,0.9008055708131001,0.012348064239737703,15.46871366472788,0.009828068877064328,15.291199707247522,0.009212542872555319,15.386978069033841,0.1413038344829804,,
5,7.175496093012043,,,53697.814670573665,0.5470964222976644,0.9007882277793193,0.012345769956060505,15.468850220975062,0.009826706349247788,15.290910677614544,0.00921121510583576,15.323818230944307,0.17879902658937702,,
6,12.204682126139232,,,53697.81465120719,0.1570958181655574,0.9007864095085855,0.012345624502731948,15.46886564165552,0.009826637800825759,15.290878261049953,0.009211146676379539,15.336944482458225,0.343138781412329,,
7,16.22885165662592,,,53697.81448167671,0.15707178475170047,0.9007530055033363,0.012341175124713331,15.46913898571836,0.009824009039686981,15.290300078999612,0.009208584395391997,15.21086186215332,0.29701792502546687,,
