comb,m1,m2,m3,Tmax,Tmax_err,st,st_err,gmax,gmax_err,rmax,rmax_err,Jmax,Jmax_err,Hmax,Hmax_err
0,-9.786695192618936,,,53697.81486185928,0.08686534038404564,0.9009490857420548,0.012315527266733567,15.468679480135105,0.009799589778747815,15.291424730660152,0.009186475625760093,15.411952152398197,0.10432687551124999,15.680590094944037,0.12633670545942174
1,-6.78455671123811,,,53697.81489004457,0.08686461357419221,0.9009613819285167,0.012315702031130783,15.468626349850059,0.009799435904139293,15.291541284349329,0.009186376978898276,15.41876481354949,0.06271807480946118,15.626865411991156,0.0905518618544206
2,-4.7756253666375414,,,53697.814911080925,0.086862958558336,0.9009688844670822,0.012315645626412781,15.468593025915986,0.009799215376475488,15.291614208411229,0.009186197957441477,15.42275365293988,0.05477324245779195,15.595129806620353,0.0942797167120108
3,-1.830705783169833,,,53697.81487244984,0.0868632547647598,0.9009571202750947,0.012315388714741112,15.468653472387297,0.009799296204325085,15.29148371173351,0.00918623142497022,15.417999047118014,0.05971651005309204,15.630346176948247,0.07539245297498227
4,3.220991213245725,,,53697.81484212008,0.5468530643349377,0.9009543469933227,0.012313815195271902,15.468700635295537,0.009798143724806916,15.291387053725831,0.00918514823825927,15.386593972287955,0.1410074936032868,15.574107901329505,0.13674366811370545
5,7.175473603645514,,,53697.81469306303,0.5468289385112423,0.9009243057001208,0.012309489394646144,15.468932916821148,0.00979550788744032,15.290898255491177,0.009182587604313586,15.325341094256972,0.17835352474668875,15.559850661584388,0.1339062854517088
6,12.204657047906949,,,53697.81467628542,0.15682614592722655,0.9009208427161433,0.026048992714994855,15.468957625039911,0.009795203163730174,15.29084597356911,0.009182292234079249,15.332240732703086,0.34202754641746913,15.511210992803633,0.14526086116841003
7,16.22889213927556,,,53697.81444119406,0.1567703593636211,0.9008838037408171,0.026039775252042346,15.469339932644678,0.009788963014961025,15.290052485410131,0.009176350895172254,15.206280142635064,0.29602038478336107,15.458478840865853,0.12837286723659877
