comb,m1,m2,m3,Tmax,Tmax_err,st,st_err,gmax,gmax_err,rmax,rmax_err,Jmax,Jmax_err,Hmax,Hmax_err
0,-5.907025597218308,,,56935.24813670833,0.06624047255006485,1.0738572751513646,0.011677168958328418,15.396760179706195,0.0052229549602641895,15.559945894741999,0.007115061836471802,,,16.431327459245473,0.053983024454344705
1,-3.895057721369085,,,56935.248168832484,0.06624690159236572,1.0738581548613872,0.011678433822009013,15.39673471003209,0.005223484499944241,15.560007899730058,0.007115789013708511,,,16.465773957721122,0.0515951942248023
2,1.0882983602350578,,,56935.248257195315,0.5262611207972785,1.0738506343653826,0.011680691336567009,15.396682262773627,0.005224751746205636,15.56013386045823,0.007117349262794522,,,16.529496217298757,0.08135472214618897
3,7.099263633834198,,,56935.248291921715,0.5262677196476034,1.0738480908366042,0.011681795819183388,15.396660726042628,0.005225326300062255,15.560187240793002,0.007118076311993978,,,16.49570138010889,0.10041581383148138
4,31.000946041101997,,,56935.24838729223,0.13628292699611724,1.0738395528498526,0.011684176035991794,15.396605828457465,0.00522668530756218,15.560318708214696,0.007119740575626728,,,16.549666144187018,0.08349534160696226
5,39.0856374314244,,,56935.24836256857,0.1362789369541419,1.0738417485905583,0.01168354739981528,15.396620170371952,0.0052263293099883605,15.560284200083494,0.007119303753012157,,,16.61807630389443,0.10593698866845228
