comb,m1,m2,m3,Tmax,Tmax_err,st,st_err,gmax,gmax_err,rmax,rmax_err,Jmax,Jmax_err,Hmax,Hmax_err
0,-5.9089497159657185,,,56935.25006082708,0.06606119800418664,1.0743781630638096,0.011683026585874006,15.396279139451547,0.0052064629836892674,15.56155285545883,0.007103499695012494,16.189166944522977,0.032359964891923276,,
1,-3.895365527001559,,,56935.24847663812,0.0662387242267705,1.0740233334757199,0.011690258167775539,15.396160427166743,0.0052220423031245945,15.561627345397863,0.0071176669105444835,16.20192893058958,0.031239507299051214,,
2,1.087985078287602,,,56935.24857047726,0.5262484491247584,1.074030141282929,0.011692630541007264,15.39609423381719,0.005222836835749745,15.561802267511402,0.0071188435377300295,16.268217406476744,0.09059381831972574,,
3,7.099079738909495,,,56935.24847581664,0.526238624626864,1.074023330172751,0.011690242736513057,15.39616126603149,0.005222034309229063,15.561625357705726,0.007117656416712124,16.211659515200573,0.12201153795481724,,
4,31.00061677460326,,,56935.24871655873,0.13626438343041514,1.074041276594408,0.011696506444445878,15.395991709792602,0.0052241299812875956,15.562075247909988,0.007120765085594139,16.439201025596393,0.1460844270512908,,
5,39.08533759466809,,,56935.24866240533,0.13625800237469515,1.0740361877895235,0.011694920512516272,15.396032671084972,0.0052236203161468014,15.56196569208911,0.007119993551960544,16.415719491506945,0.18744192275629987,,
