comb,m1,m2,m3,Tmax,Tmax_err,st,st_err,gmax,gmax_err,rmax,rmax_err,Jmax,Jmax_err,Hmax,Hmax_err
0,-5.907782231945021,,,56935.24889334306,0.0663399681077346,1.0738644165688247,0.011699336951362388,15.396022204670496,0.005231817874066628,15.561817724034887,0.00712805109520339,16.189551297213235,0.0324327254806504,16.400208870246562,0.05407729248685067
1,-3.895737984945299,,,56935.24884909606,0.06633649606653871,1.0738727050813026,0.011699193202937127,15.39602432042672,0.005231426134020413,15.561817775170008,0.0071276883058446205,16.203032072008405,0.03127358817179522,16.43750676127006,0.05167700708876545
2,1.087662020836433,,,56935.248893534714,0.5263353278540979,1.0738900736860226,0.011700178399139649,15.395981138857081,0.005231225605812555,15.56194555570764,0.00712771271110752,16.263964950027912,0.09062652046947586,16.475852423002127,0.08144620588979663
3,7.098845583139337,,,56935.24870997241,0.5263149847909134,1.0738776110468253,0.025435351000192973,15.396109950378051,0.005229560141027792,15.56160924537931,0.00712526587951387,16.206932001654582,0.12205953854272993,16.45351642364915,0.1004921381975835
4,31.00036223254574,,,56935.24897110079,0.13633577291940982,1.0739172339585494,0.0117021501737665,15.395909740384583,0.0052310964568437705,15.562157219355973,0.00712800363712771,16.43262864207956,0.14617275936616797,16.52257794160879,0.08358069464688524
5,39.08508980987972,,,56935.248910190116,0.13633101823286656,1.0739074985315098,0.01170054907700647,15.395956949238979,0.005230749804496232,15.562027349349563,0.007127372314557337,16.417949129934566,0.1875629440187418,16.60069466146404,0.10605965375952862
