comb,m1,m2,m3,Tmax,Tmax_err,st,st_err,gmax,gmax_err,rmax,rmax_err,Jmax,Jmax_err,Hmax,Hmax_err
0,-7.065820868805758,,,1961.7098208688055,0.11962724495748916,1.0857249918741196,0.027483058977925127,15.42689448123611,0.006560041540695507,15.424513610073678,0.009104970555086533,15.828697428574342,0.11432647285626289,15.799779930058078,0.21261153533817126
1,-0.0839767222860246,,,1961.708976722286,0.1195682747383682,1.0857254370106189,0.027468034045206022,15.426751889404265,0.006555657814883104,15.424881199638039,0.009099094797249298,16.07519425498361,0.03750888054663487,16.210217422422733,0.06778225032069422
2,0.9260865467970234,,,1961.708913453203,0.5795196518851317,1.0857169098819128,0.027456795941613547,15.426850434190548,0.006553084736476188,15.424655358737455,0.009095501483600978,16.062829639319443,0.09355982790382941,16.312568895110534,0.08500426671164615
3,3.9011640853570952,,,1961.7088359146428,0.5794722245780297,1.0856854681924555,0.02744498763597215,15.426976906392047,0.006550875409537138,15.424354433132347,0.009092271817804962,15.978087015478563,0.10698616967632996,16.29249091758606,0.11505114869439594
4,5.886216309978636,,,1961.7087836900214,0.5794429376076058,1.0856582276096525,0.041177417335784686,15.427065776888817,0.006549612468612076,15.424140203066475,0.009090370814406534,15.934910751961748,0.11523471092595602,16.226270804774465,0.09913115313608578
5,9.906350229758118,,,1961.7086497702417,0.5793569018791584,1.0856186794464189,0.04115662802583105,15.427272613419238,0.0065453704271185124,15.423655086403349,0.009084297116163901,15.879835697633498,0.17346891790977265,16.256888361793358,0.1185217788795548
6,13.970960551915823,,,1961.7090394480842,0.18958912672654138,1.0858106224229522,0.041215777814288805,15.426606869154158,0.006555680823373199,15.425253594685797,0.009099647905764013,16.30374927617885,0.1761510536313561,16.439460374553384,0.15318935169577297
