comb,m1,m2,m3,Tmax,Tmax_err,st,st_err,gmax,gmax_err,rmax,rmax_err,Jmax,Jmax_err,Hmax,Hmax_err
0,-6.920239616723848,,,54961.03373961672,0.11364330574481309,1.1180742749464578,0.025927042272205214,15.427103526476827,0.007048700776117476,15.431549879979498,0.009634380905970135,15.854416525842286,0.13136705622653955,15.816914351474601,0.24645809900057156
1,0.09497672368888743,,,54961.03402327632,0.5736151779584905,1.1181367837046454,0.025919913958997648,15.427103143113309,0.007045479716988567,15.4315834082412,0.00963031233477364,16.04206902748221,0.09807253559392065,16.20610916671446,0.1034846536623675
2,1.0994452887243824,,,54961.03222137794,0.574011512362622,1.1184048515937428,0.025985764525000208,15.427216255517065,0.007060377929586613,15.431356869477545,0.009653899409534,16.017885818835516,0.10563948977526993,16.307535979242342,0.10164031326175076
3,4.0796999006634,,,54961.02930009935,0.5746506154279316,1.118809267393571,0.026092111949408487,15.427394576252803,0.007085050836741433,15.430988198581089,0.00969260183296057,15.909832325393678,0.12153490719402645,16.283782589198864,0.13649585992645852
4,6.066597399301827,,,54961.027902600705,0.5749578647288323,1.1189966915939864,0.026143238259276086,15.427478955328606,0.007097070036731323,15.43081142952771,0.009711360475224142,15.865472206731976,0.13236183101508855,16.21531017796822,0.11940721650081418
5,10.085223374226189,,,54961.02627662578,0.5753274513325507,1.1191952964278118,0.03994356371628107,15.427574358069238,0.007109742220931459,15.430609014082098,0.009732057466413377,15.84816707826223,0.2125220952247931,16.249478688471903,0.14219137438536492
6,14.138515600956453,,,54961.03848439904,0.18267429396257667,1.1175806999998779,0.039500499156497566,15.426838682458667,0.007007864671222354,15.432145111255336,0.009571767914508726,16.338213073885907,0.20573005423791407,16.447984859521355,0.17968673734200585
