comb,m1,m2,m3,Tmax,Tmax_err,st,st_err,gmax,gmax_err,rmax,rmax_err,Jmax,Jmax_err,Hmax,Hmax_err
0,-7.064945189846412,,,1961.7089451898462,0.11955043090512489,1.0856328039258645,0.02746090728278911,15.426891813863277,0.006555942103560295,15.42451265907174,0.009098934806819298,15.828717794875757,0.11424214656000237,15.799774874049175,0.21245705453155872
1,-0.08400510432625197,,,1961.7090051043263,0.11957014054393689,1.0857251455753365,0.02746848299827998,15.426751586377376,0.006555790557803431,15.42488089030129,0.009099261515638364,16.075193112977736,0.03750945231302551,16.210220154906136,0.06778341661089846
2,0.9260651737486114,,,1961.7089348262514,0.5795207477833305,1.0857167538901114,0.027457067031432948,15.42685026473315,0.0065531662997559015,15.424655028353616,0.009095601857313798,16.062836909951287,0.09356020077545013,16.312565587211065,0.08500494093583982
3,3.901142322732994,,,1961.708857677267,0.5794732115246644,1.0856852016051348,0.027445231641041467,15.426976619944043,0.006550951516393559,15.424354321529464,0.009092364525735981,15.97809328788553,0.10698658365266775,16.292488969266298,0.1150520716326399
4,5.8861932931311,,,1961.708806706869,0.5794437747087556,1.0856578285983558,0.04117762196864418,15.427065517617974,0.006549685272841208,15.424139943287457,0.009090455488755537,15.934918895298889,0.11523508903250172,16.226268454349228,0.09913176202734114
5,9.906326322603263,,,1961.7086736773965,0.5793575641735975,1.0856180925828927,0.04115678623826643,15.427272406964057,0.006545436644732488,15.423654609348343,0.009084371010389369,15.879845674038505,0.1734694123874536,16.256884693490342,0.11852246848625446
6,13.970935215267673,,,1961.7090647847324,0.18958925990227105,1.0858096052472972,0.041215806884021405,15.426606588575027,0.006555726011871559,15.425253094586031,0.009099686919834005,16.303756377760944,0.17615145830808437,16.439456026279522,0.1531897670729685
