comb,m1,m2,m3,Tmax,Tmax_err,st,st_err,gmax,gmax_err,rmax,rmax_err,Jmax,Jmax_err,Hmax,Hmax_err
0,-6.919132306378742,,,54961.03263230638,0.11365977574213076,1.1187688494517416,0.025905089644483008,15.428416883730389,0.007028112046136874,15.428737562309728,0.009612955255316177,,,15.848129949141912,0.24602599569869235
1,0.09365419678215403,,,54961.035345803226,0.5731055965441242,1.1183695300879628,0.025816329633694582,15.428163467387728,0.007010697861661072,15.429279493947485,0.009583505721182951,,,16.262264191745118,0.10308915260811956
2,1.0958439743335475,,,54961.03582269233,0.5730083520306728,1.1182899101092965,0.025800747727527447,15.42811659371165,0.00700744218106051,15.429377662352966,0.00957813924756971,,,16.37236292604337,0.10098110016125396
3,4.0732314739361755,,,54961.035768526075,0.5730170501391584,1.1182976248787155,0.02580209523980109,15.428121250665386,0.007007707916953825,15.42936704285336,0.009578597287552075,,,16.34353753222921,0.13504479776848072
4,6.0589328208661755,,,54961.03556717914,0.5730573781565904,1.1183304605352946,0.025808586801538597,15.428140749625607,0.007009063221267705,15.429326013526735,0.009580830913519684,,,16.266727071852504,0.1179670134102439
5,10.07559630167816,,,54961.03590369833,0.5729854363431668,1.1182729272869334,0.02579697413889634,15.42810725302296,0.007006608136658669,15.42939660622988,0.009576816990158762,,,16.29212099928792,0.14012015349062956
6,14.140018509540823,,,54961.036981490455,0.1827757795849501,1.1181033321316598,0.025763058701686655,15.428004575083248,0.006999532922340363,15.429611828101692,0.009565152455005662,,,16.507663468644957,0.17966496523683245
