comb,m1,m2,m3,Tmax,Tmax_err,st,st_err,gmax,gmax_err,rmax,rmax_err,Jmax,Jmax_err,Hmax,Hmax_err
0,-7.063737173451273,,,1961.707737173451,0.11889881552199959,1.0860974371390832,0.0273260982338393,15.42817950191275,0.006513021446669736,15.421821625215328,0.009041839754405872,,,15.832678850262484,0.2112610338314703
1,-0.08298735762377873,,,1961.7079873576238,0.11909036588584658,1.0860693554662049,0.027368091429996806,15.427886829756483,0.006523986407660231,15.422478722389815,0.009056716893712728,,,16.26828223324599,0.06757583177229484
2,0.9269706766917807,,,1961.7080293233082,0.5791233342736958,1.0860645455834195,0.027375314251455195,15.427836650012216,0.006525872155574597,15.42259147384456,0.009059275721271605,,,16.379724825263487,0.08486631387596173
3,3.901974364885973,,,1961.708025635114,0.5791211147249956,1.0860650137722176,0.027374830185545495,15.427840175213989,0.006525742519784774,15.422583622162994,0.00905910162682954,,,16.353426143745075,0.11482970009440781
4,5.886991273572448,,,1961.7080087264276,0.5791084849160818,1.0860670144525766,0.0273720661918251,15.427859536635882,0.006525016878974618,15.422540191410697,0.009058119642156399,,,16.277799959117477,0.09899983426026543
5,9.906964651066119,,,1961.7080353489337,0.579130125778071,1.0860639825778682,0.02737681377273433,15.42782678398952,0.0065262522926285895,15.422613850285128,0.009059797427174636,,,16.29701976602618,0.11843559274731334
6,13.971875898775806,,,1961.7081241012243,0.18919549433039437,1.08605356158697,0.027391116951835864,15.427726315946208,0.006530009532028827,15.422839232811132,0.009064885249629347,,,16.49427648694198,0.1527409113220722
