comb,m1,m2,m3,Tmax,Tmax_err,st,st_err,gmax,gmax_err,rmax,rmax_err,Jmax,Jmax_err,Hmax,Hmax_err
0,-7.065422937411768,,,1961.7094229374115,0.11930329216063816,1.0859672323848915,0.02741921618581148,15.427212568542856,0.006538548908951393,15.423912825242542,0.009077011317195962,15.837466408948583,0.11400503748246493,,
1,-0.08374370750902926,,,1961.708743707509,0.1193797225670338,1.0859236846562945,0.02743233637057741,15.42689538161365,0.006542517908885339,15.424650626765112,0.009082170737194691,16.08309532471693,0.0374744422173183,,
2,0.9262694193250809,,,1961.708730580675,0.5793688951654894,1.0859175096103648,0.02742969126727882,15.426921904247301,0.006542004060020537,15.424587229235028,0.009081424677901158,16.067706153145608,0.09353765585135036,,
3,3.901324598958354,,,1961.7086754010415,0.5793341005533622,1.0858995435882535,0.027421236116893306,15.42700632585979,0.006540316361457421,15.424386541370358,0.009078998206842265,15.98214987449444,0.10698186591780634,,
4,5.886372477943269,,,1961.7086275220568,0.579304574529062,1.0858843343279898,0.02741406123596752,15.427078170237056,0.00653888227613622,15.424215855264194,0.009076938455884897,15.93933364783124,0.11522279790823745,,
5,9.906444521425101,,,1961.7085554785747,0.5792595388030598,1.0858609978765847,0.02740311251346257,15.427187665938597,0.006536697366131517,15.423955711634157,0.009073797373563005,15.883029647037777,0.17343601523868413,,
6,13.971117666915688,,,1961.7088823330844,0.18946909395049313,1.0859696050127576,0.027454044092705313,15.426682605889699,0.006546852389109624,15.425156961656596,0.009088404468146754,16.318360376666494,0.17601195892767238,,
