comb,m1,m2,m3,Tmax,Tmax_err,st,st_err,gmax,gmax_err,rmax,rmax_err,Jmax,Jmax_err,Hmax,Hmax_err
0,-6.922214778853231,,,54961.03571477885,0.11340349647049149,1.1182414287237812,0.02586245770694788,15.427430569590916,0.007025516165721094,15.430860983841603,0.009603825299914,15.86273323498763,0.13098693215371132,,
1,0.0927309172184323,,,54961.03626908279,0.5730995682043759,1.1180224830128742,0.02582859672802955,15.427237084830997,0.0070199573957340925,15.431303923602304,0.009593166140026385,16.048247544269753,0.09785211094994614,,
2,1.0958539643979748,,,54961.03581270226,0.5731929368750166,1.1180836550354514,0.025844205194286932,15.427276074662377,0.007023521504353621,15.431220931612575,0.009598799464904653,16.021910461292418,0.10521534125685411,,
3,4.074615379809984,,,54961.0343846202,0.573480293361955,1.1182724073131851,0.02589206755910062,15.427396518023354,0.007034442915169103,15.430961969369383,0.009616091081209473,15.914264380521873,0.1207286307397803,,
4,6.060947980462515,,,54961.033552019544,0.5736469441897966,1.1183810076369152,0.025919835734757514,15.427466242782186,0.007040792436971308,15.430811781880035,0.00962613577548759,15.870507301327054,0.13133975635810344,,
5,10.078424053142953,,,54961.03307594686,0.573739365462512,1.1184419789123043,0.02593518080333006,15.427505929552028,0.007044284567326934,15.430727310040343,0.009631679390495959,15.851904634895062,0.21018881360724057,,
6,14.137321854483162,,,54961.03967814551,0.18240403500883684,1.1175632204671921,0.025712146500714107,15.42694555123073,0.006993440304009599,15.431926864924408,0.009551208722975529,16.350041531404475,0.20532642498122325,,
