comb,m1,m2,m3,Tmax,Tmax_err,st,st_err,gmax,gmax_err,rmax,rmax_err,Jmax,Jmax_err,Hmax,Hmax_err
0,-3.567463487794157,,,56669.89035237668,0.036551078871862715,0.7382605818945707,0.004111037941675561,16.043515221157804,0.003822559433328858,16.06473642373162,0.0035203006612564845,16.392516251935508,0.10587574225490695,16.327129047910855,0.10988625698259855
1,-0.5817941370187327,,,56669.88999413701,0.03657424638766671,0.7382391910490582,0.004113879841375531,16.0437380516695,0.0038249375524984155,16.064248810876904,0.0035224206012572042,16.385971291270334,0.034983816927313026,16.49238704415838,0.06558631314523485
2,1.4051035420634435,,,56669.88978534683,0.49658516775609746,0.7382415764524147,0.004115095195454346,16.043862390872196,0.0038260321270370255,16.063990137403913,0.003523341023577163,16.326684637423554,0.1137588603726421,16.442396840920537,0.09767610632519695
3,4.446446920912422,,,56669.88988641243,0.4965799207422084,0.7382394918376374,0.0041145210164055725,16.043802893663837,0.003825507675252913,16.064113134737422,0.003522903753226482,16.36119027462213,0.11043898510795006,16.43461855636821,0.10390174008068409
4,7.42761516241444,,,56669.88982928202,0.49658221420623627,0.7382367424104066,0.01785481201445306,16.043838299486634,0.003825739592199533,16.064037110010503,0.0035231051456845455,16.377060709018295,0.15628192366163757,16.41296751834794,0.11267511964388849
5,12.45166046891245,,,56669.88889508664,0.10663324701575223,0.7382271495665411,0.017860695636642727,16.044407052994465,0.003830894033037339,16.062836535330543,0.0035275198696954734,16.215126999850277,0.20490037425127045,16.414258590904616,0.09179429116498074
6,30.359987403578998,,,56669.89034592975,0.10655539502973148,0.7382440035873751,0.004111691676147093,16.04352341404755,0.0038230332707532857,16.06470352047989,0.0035207866048996127,16.565214165191552,0.2118614206796841,16.482768724592045,0.1548207319307813
