comb,m1,m2,m3,Tmax,Tmax_err,st,st_err,gmax,gmax_err,rmax,rmax_err,Jmax,Jmax_err,Hmax,Hmax_err
0,-3.567360918110353,,,56669.890249806995,0.036305177556200656,0.7376160950798083,0.004089792107220403,16.044415020187557,0.003797891211883855,16.062108957422613,0.0034993553598441592,,,16.354749292419044,0.10921374285562277
1,-0.5822445615340257,,,56669.890444561526,0.03629842621391287,0.7376387380861285,0.004088793670790524,16.044277288888836,0.003797189391520546,16.06242520073725,0.0034987262004832712,,,16.516883731392525,0.06516879756120189
2,1.4044829026825028,,,56669.89040598621,0.4963001260250893,0.7376344768503668,0.004089029688151475,16.044303610305825,0.00379736569669188,16.06236478668552,0.0034988840976564075,,,16.477140309003225,0.09713232628485528
3,4.445898748985201,,,56669.890434584355,0.4962988423433563,0.7376376853511902,0.004088851426951445,16.044284237597402,0.003797232183229004,16.062409476502538,0.003498764661156712,,,16.468506389958225,0.10337207729431372
4,7.426987866856507,,,56669.89045657758,0.49629717599864065,0.7376401019895148,0.004088639771227359,16.04426881601937,0.0037970587909489854,16.06244532717548,0.0034986080171650067,,,16.444952193321914,0.11213934544075466
5,12.450077253415657,,,56669.890478302135,0.10629643539961513,0.7376421847924762,0.004088529667366021,16.04425250649825,0.0037969821907388726,16.06248221010372,0.003498539132162668,,,16.440921111371793,0.0912171687267552
6,30.35991518348601,,,56669.890418149844,0.10629960278393344,0.7376357144855207,0.004088957745226201,16.04429584131728,0.00379731164788746,16.062382698482107,0.0034988364402624445,,,16.499470939033912,0.15416519401228887
