comb,m1,m2,m3,Tmax,Tmax_err,st,st_err,gmax,gmax_err,rmax,rmax_err,Jmax,Jmax_err,Hmax,Hmax_err
0,-3.5675709051647573,,,56669.89045979405,0.0365037688443128,0.7381098531474003,0.004107181176245315,16.043731476558776,0.003817881844631158,16.06410392771294,0.0035163808166384283,16.401666757552114,0.10572797790990078,,
1,-0.5820434092311189,,,56669.89024340922,0.036522135889851176,0.7380728574548585,0.004109668677446731,16.04375560139849,0.003819814583181545,16.064024535020312,0.0035182379327061545,16.388418495985473,0.034934720567235344,,
2,1.4048060845161672,,,56669.89008280438,0.49652956467512127,0.7380705030406862,0.004110536181146493,16.04385468003153,0.0038205617287769187,16.06381293263312,0.0035188689920214455,16.331819446365515,0.1136607075924893,,
3,4.446166218825965,,,56669.890167114514,0.49652558873343094,0.7380718672922836,0.0041100705221512246,16.04380218372282,0.0038201609870618276,16.063925249553463,0.0035185303131911325,16.365750489868518,0.11033711051361306,,
4,7.427294998058642,,,56669.89014944638,0.49652577249304514,0.7380714405387807,0.004110098040112602,16.04381295014738,0.003820177159643467,16.06390248251575,0.0035185403917310496,16.38074294521783,0.15612069784096388,,
5,12.450971648984705,,,56669.889583906566,0.10655242603431857,0.7380619878962443,0.00411321899481521,16.044163136502696,0.003822863291618975,16.06315314632245,0.0035208154088678277,16.21781425468986,0.20446211115364754,,
6,30.359895197740116,,,56669.89043813559,0.10651299476326122,0.7380762410187472,0.004108593825209512,16.043632947658924,0.0038188921767261827,16.06428745534924,0.003517457144441262,16.562777733634192,0.21172645808082888,,
