comb,m1,m2,m3,Tmax,Tmax_err,st,st_err,gmax,gmax_err,rmax,rmax_err,Jmax,Jmax_err,Hmax,Hmax_err
0,-1.4073986905195852,-2.9123986905195807,,1198.2523986905196,0.09316511232511827,0.5871339825114351,0.01407233862803727,17.582731123086624,0.01218748540278734,17.369384589332107,0.013020410346475553,17.647829253748657,0.055292103211766766,,
