comb,m1,m2,m3,Tmax,Tmax_err,st,st_err,gmax,gmax_err,rmax,rmax_err,Jmax,Jmax_err,Hmax,Hmax_err
0,-1.4067248528133405,-2.911724852813336,,1198.2517248528134,0.09128016158414516,0.5842844126627378,0.01382405207802399,17.584789959796023,0.011937499797546137,17.362892998022286,0.012743712684356198,,,17.554858736988276,0.12205475743466133
