comb,m1,m2,m3,Tmax,Tmax_err,st,st_err,gmax,gmax_err,rmax,rmax_err,Jmax,Jmax_err,Hmax,Hmax_err
0,-4.4243509867530975,,,1198.2593509867531,0.09439434928758764,0.5865606052565745,0.014321235622295935,17.58199157842828,0.0123335014678496,17.370564661925705,0.013173511699392425,17.59252333160989,0.08046821809850854,17.557561499688717,0.18105699167368666
1,-1.41527035682293,,,1198.260270356823,0.09406862795230693,0.5866260555807659,0.014271579405419774,17.5812839804377,0.01229142225037931,17.372032374311004,0.013129108930678,17.653030732638495,0.07793103520119578,17.422343577257454,0.17466735568267885
