comb,m1,m2,m3,Tmax,Tmax_err,st,st_err,gmax,gmax_err,rmax,rmax_err,Jmax,Jmax_err,Hmax,Hmax_err
0,-1.4101021252452028,-2.9151021252451983,,1198.2551021252452,0.09165435481657817,0.587377449834461,0.013846614288125421,17.58192983608847,0.011990799417150894,17.37133123386377,0.012813046918982504,17.624262647008194,0.05441742364385555,17.489371484513295,0.12326965407347835
