comb,m1,m2,m3,Tmax,Tmax_err,st,st_err,gmax,gmax_err,rmax,rmax_err,Jmax,Jmax_err,Hmax,Hmax_err
0,-5.730139516973395,0.5715271496932625,24.92500000000041,1207.2951395169732,0.07125380715746504,0.8805648670124362,0.008217229068252192,16.511055391390016,0.010030172083452533,16.648592885326202,0.008364239524142334,17.06601773886865,0.06026592485625909,17.225893450198047,0.08648677227179978
1,-5.729484995397343,1.2368483379358775,26.919000000000096,1207.2944849953972,0.07165663329484855,0.8804492781334331,0.008253953976642206,16.510986675655907,0.010083211321567141,16.648441808672608,0.008409486647248943,17.074073797304404,0.06011646614131563,17.27558202129004,0.08169491544226294
2,-8.738041613398082,8.54329171993542,26.919000000000096,1207.2930416133977,0.0709139283338321,0.8807419067281523,0.008176298177723935,16.51111249431389,0.00997815776107822,16.648747342015273,0.008322952628583501,17.107045034029003,0.08514461641425636,17.274622277714506,0.07055344558338766
3,-5.726826005399744,9.547840661266946,23.908999999999878,1207.2918260053996,0.07139034390550743,0.8807155908161092,0.008228230390628899,16.511230150001204,0.01003300210804914,16.64827466476182,0.00836589496631845,17.0481053968418,0.07005372606690051,17.26707420886751,0.07056180624633386
