comb,m1,m2,m3,Tmax,Tmax_err,st,st_err,gmax,gmax_err,rmax,rmax_err,Jmax,Jmax_err,Hmax,Hmax_err
0,-8.737770955063752,,,54206.7936042884,0.07813217101169616,0.8815889499688181,0.00892846902069666,16.50002024626026,0.010483539868087562,16.60829756426388,0.009106135951284558,17.122370844773897,0.11381279196776957,17.25667388570988,0.21835671470985427
1,-5.733078866884171,,,54206.79324553355,0.07818281013109711,0.8816259564252756,0.0089339013513741,16.500139313636517,0.01048922639087351,16.60803324539417,0.009111692513394335,17.036829610982867,0.08656689829395432,17.144817035521577,0.20134427247904033
2,16.193293612268462,,,54206.78970638773,0.14778639925765175,0.881725252011828,0.02262524464235524,16.500767649340936,0.010427726405461813,16.606281058759528,0.009059653150971103,17.03863601867058,0.2950065531484619,17.243948789428003,0.1352917608982072
3,18.181827368483937,,,54206.79057263151,0.1478045249024334,0.8816796995375242,0.022628090611818714,16.50057305016417,0.010432306833793125,16.60677263522103,0.009062916619164814,17.113428616519315,0.25315962134845976,17.305203869024382,0.12130512839427346
