comb,m1,m2,m3,Tmax,Tmax_err,st,st_err,gmax,gmax_err,rmax,rmax_err,Jmax,Jmax_err,Hmax,Hmax_err
0,-5.7251573510855,0.5765093155811579,24.92500000000041,1207.2901573510853,0.07366225996360322,0.8805051339480462,0.008499615279728623,16.511497186202394,0.010357636499902609,16.64704718831614,0.008631680814795262,,,17.25526645814607,0.08925045394326434
1,-5.725358745647327,1.240974587685893,26.919000000000096,1207.2903587456472,0.07415030260396983,0.8802794973797662,0.008547175716840636,16.51129210246535,0.010424062816750021,16.64706312581325,0.008686212903790364,,,17.304787214302053,0.08442948010690679
2,-8.735035013577999,8.546298319755502,26.919000000000096,1207.2900350135776,0.0736606289828406,0.8805413251526383,0.008503346763536678,16.511472125677212,0.0103590707144613,16.64720288335238,0.008632315423252436,,,17.307848649951936,0.07319780424531157
3,-5.7254250561090885,9.549241610557601,23.908999999999878,1207.290425056109,0.07426995950505473,0.8802965544776358,0.008565693878152788,16.511308143431403,0.01044252946263294,16.647061672739977,0.008700038205466401,,,17.292049309247894,0.07345139914172903
