comb,m1,m2,m3,Tmax,Tmax_err,st,st_err,gmax,gmax_err,rmax,rmax_err,Jmax,Jmax_err,Hmax,Hmax_err
0,-5.730576477818886,-7.235576477818995,,1207.2955764778187,0.0748651058269611,0.8808316276049953,0.008652284702550755,16.510899888595596,0.010543475564093387,16.64954444015776,0.008791062663626418,17.066259674376894,0.0653571146773447,17.203180849688312,0.1398840165565104
1,-8.738166641980797,3.7243333580194076,,1207.2931666419804,0.07386044292644385,0.8808283288337058,0.008525824813031838,16.511155321451234,0.010391753814994327,16.6488653059331,0.008665259816766514,17.104992936814302,0.0971134409087568,17.242331632980626,0.10120912852270982
2,-8.737039494903911,4.722460505096137,,1207.2920394949035,0.07369250086932909,0.8808304853534916,0.008501366881895856,16.51115932807393,0.01036699910307532,16.64878316075841,0.008646240750244068,17.118250806381603,0.09456312229255552,17.297125496028595,0.09260511563304924
3,-5.726688004741845,5.23081199525825,,1207.2916880047417,0.07384969871394731,0.8808038598752974,0.00852035858643697,16.511278824365373,0.010381925878433831,16.64836444215546,0.008655723710502052,17.03812847982084,0.07639950402264854,17.220149669366993,0.09969193540312675
4,-5.726665921881249,6.22783407811869,,1207.291665921881,0.07445231058532525,0.880725446854139,0.008583770631043146,16.511246456350186,0.010463986916062566,16.64824533670361,0.008724564349212994,17.050012014815223,0.0762253784596861,17.281637487449654,0.0928485841649239
5,16.19084299382871,17.187842993828554,,1207.2891570061713,0.14428620853649404,0.8810223417341957,0.02232271041407459,16.51150489199983,0.010443063335519328,16.648011624011612,0.00870658399334482,17.07695361696074,0.1869865636205947,17.280221551128246,0.08890186296654753
