comb,m1,m2,m3,Tmax,Tmax_err,st,st_err,gmax,gmax_err,rmax,rmax_err,Jmax,Jmax_err,Hmax,Hmax_err
0,-5.73617289584945,-7.238339562511101,,54206.79633956251,0.07521223486406894,0.8813490567308996,0.008593533198459692,16.49995443493357,0.010103609986698804,16.60809866217558,0.00877560795886768,17.070155972815137,0.06700948580761239,17.200864326146032,0.1434710868033088
1,-8.738745039379864,3.7248382939505973,,54206.79457837272,0.07413934350504665,0.8814676770699519,0.008460963322719846,16.500268734025457,0.00994832446773576,16.607463413496657,0.0086431972718407,17.109463051635025,0.09946354796788115,17.240721377272262,0.1036607149810702
2,-8.737658261488832,4.720625071837276,,54206.79349159483,0.07397872381740989,0.8814662088527245,0.008437990729552237,16.500267854117208,0.009926017400323109,16.607381047764925,0.008625171668198374,17.12278779436174,0.09687716156273406,17.295365781490013,0.09480930971936964
3,-5.732985546346754,5.228431120322057,,54206.79315221301,0.07413348360534439,0.8814211261752779,0.008456097958381249,16.500380267578596,0.0099398952821208,16.606970936121723,0.0086343683570624,17.041721631339332,0.07830306402719163,17.21848107540722,0.10214260749220763
4,-5.7329614302143455,6.223155236450111,,54206.79312809688,0.07471550808441611,0.8813461726238225,0.00851674348803291,16.50035288174054,0.010015664697779933,16.606854327765962,0.008700420158730635,17.053665242544035,0.07810792070612968,17.279874843228303,0.09504852614038432
5,16.19236670659302,17.187066706588666,,54206.79063329341,0.14453271458918288,0.8816573732629343,0.02225289636554685,16.500605727947907,0.009992692631805121,16.606623326052933,0.008680931190186548,17.081775572623584,0.19109444373805512,17.27873912405324,0.09070804535004655
