comb,m1,m2,m3,Tmax,Tmax_err,st,st_err,gmax,gmax_err,rmax,rmax_err,Jmax,Jmax_err,Hmax,Hmax_err
0,-8.737725596146674,,,1207.2927255961463,0.07774673143442776,0.8810656625313064,0.008986528359735327,16.51097914200327,0.0109363605534037,16.649751683942714,0.009118258391218765,17.11791660928434,0.11098733871476402,17.25882497037221,0.21284618224364943
1,-5.726789727061032,,,1207.2917897270609,0.07791445315775095,0.8809900116760715,0.009006329268596467,16.51102922202728,0.010960987466339854,16.64945843574082,0.009137796895688366,17.033423043844884,0.08450414877100124,17.147313853896065,0.1965141467293738
2,16.191803358200104,,,1207.2881966418,0.14751111873073602,0.8810923636108685,0.0226960394513677,16.511672688471606,0.01089516765810761,16.647659463198195,0.009084272815414723,17.03395643595894,0.28840212485569644,17.245336867588154,0.1323428419649783
3,18.184923236438863,,,1207.2890767635608,0.1475316362465051,0.881046855137884,0.022699269949173963,16.51147317646188,0.010900396670082812,16.6481667599529,0.009087939408302418,17.108463747079306,0.2474709814947753,17.30679492711991,0.11875751651852758
