comb,m1,m2,m3,Tmax,Tmax_err,st,st_err,gmax,gmax_err,rmax,rmax_err,Jmax,Jmax_err,Hmax,Hmax_err
0,-5.730009891253985,-7.235009891254094,,1207.2950098912538,0.0749710933948261,0.8807209455263761,0.008665242423487849,16.510832966546747,0.010560408137443475,16.64951800838831,0.00880366000819996,17.06633663506894,0.06545932996947772,17.20310426221155,0.14010364078432613
1,-8.738170164831445,3.72432983516876,,1207.293170164831,0.07386030255778617,0.8808295946717056,0.008525808162647683,16.511156180528832,0.010391718817404607,16.64886532348881,0.00866524601907145,17.104992565842064,0.09711307783047576,17.24232971746247,0.10120878102421238
2,-8.737034273470954,4.722465726529094,,1207.2920342734706,0.07369278300331476,0.8808300840870547,0.008501408949065455,16.511158866427287,0.010367053253049452,16.648782749909177,0.008646278893428621,17.118254049193414,0.0945635531085529,17.297123921397105,0.09260556993291423
3,-5.726682646351492,5.230817353648604,,1207.2916826463513,0.07385009819820028,0.8808033161524079,0.008520414993883063,16.511278145573655,0.010382000037474779,16.648364273016476,0.008655776896840908,17.03814000023435,0.07639992827935937,17.22014547687685,0.09969261760302145
4,-5.726660145626056,6.227839854373883,,1207.2916601456259,0.07445280768779701,0.8807247479423859,0.008583837769222655,16.51124575277812,0.010464076977638424,16.648245041289428,0.008724627488027038,17.0500127388152,0.07622599847904234,17.281634340229026,0.0928493264342899
5,16.190846743121483,17.187846743121327,,1207.2891532568785,0.1442865830930156,0.8810217125718557,0.022322758728304692,16.511504455028415,0.010443126910216954,16.648011004862617,0.008706627349255664,17.07695314935109,0.18698755899451475,17.28022116060939,0.08890231543991171
