comb,m1,m2,m3,Tmax,Tmax_err,st,st_err,gmax,gmax_err,rmax,rmax_err,Jmax,Jmax_err,Hmax,Hmax_err
0,-8.736864108241434,,,1207.291864108241,0.07702667093502771,0.8809119947379891,0.008902085907093833,16.511069902104907,0.010834283920140172,16.649113606565194,0.009030297737692395,17.128538316545246,0.10994884169626185,,
1,-5.725727002700978,,,1207.2907270027008,0.07710913588830545,0.880825317133167,0.008911775239587095,16.51116365368762,0.010846519679182763,16.64866740307931,0.009039281733568681,17.038186343280888,0.08361820017682328,,
2,16.190030913238616,,,1207.2899690867614,0.1470644543168249,0.880857411527136,0.008905863716836401,16.511376312829707,0.010838349852912049,16.648111559116277,0.009032932318185314,17.04148484285019,0.2870121858418946,,
3,18.183448139406664,,,1207.290551860593,0.14709858888312344,0.8808331511278982,0.008910388270211995,16.511212438007068,0.010844604001886582,16.64854008739791,0.009037798272338452,17.119615269720608,0.24625175689239165,,
