comb,m1,m2,m3,Tmax,Tmax_err,st,st_err,gmax,gmax_err,rmax,rmax_err,Jmax,Jmax_err,Hmax,Hmax_err
0,-5.725219222413216,-7.230219222413325,,1207.290219222413,0.07505249460311639,0.880542683812566,0.008673609258761565,16.51167827932108,0.010559014182284183,16.646675499535647,0.008795443945274312,,,17.234932493377713,0.14004807872183592
1,-8.734905248831183,3.727594751169022,,1207.2899052488308,0.07506679083872539,0.8806424774981758,0.00867021891704617,16.511573287103406,0.010558042500537596,16.64716897143661,0.008798267852677667,,,17.275944494699925,0.10276137413785556
2,-8.734802078872917,4.724697921127131,,1207.2898020788725,0.07511003196459407,0.8805384782393537,0.008671144812044987,16.511455815758517,0.010563413192566429,16.647230115436713,0.008802399995982639,,,17.331514983512886,0.09431224115403168
3,-5.7248044569819285,5.232695543018167,,1207.2898044569818,0.07531472877420982,0.8804607308770648,0.008691910516374137,16.51146448328756,0.010590752023910237,16.647003183391117,0.008824344314449357,,,17.244887266819013,0.10169637271465519
4,-5.725401159789044,6.229098840210895,,1207.2904011597889,0.07590352426114093,0.8802932191674255,0.008754768650607484,16.511301981677327,0.010672683932319446,16.647072834755146,0.008891553780656907,,,17.306551363941328,0.09474616290463636
5,16.18910301251958,17.186103012519425,,1207.2908969874804,0.14530805762666987,0.8805252883193091,0.008702897201854427,16.51141049791264,0.010596144626489572,16.6474141956453,0.008826388623448034,,,17.30940567864904,0.09006720374357974
