comb,m1,m2,m3,Tmax,Tmax_err,st,st_err,gmax,gmax_err,rmax,rmax_err,Jmax,Jmax_err,Hmax,Hmax_err
0,-5.729431355633324,-7.234431355633433,,1207.2944313556332,0.0757555529446528,0.8806698644446179,0.008753252451472852,16.511004651526065,0.010667039122967969,16.648839455445177,0.008891038834071623,17.072433789695022,0.06615996069095362,,
1,-8.737111459869084,3.725388540131121,,1207.2921114598687,0.07521847437071875,0.8806904906502451,0.008687396233704882,16.511054795979504,0.010585059600273717,16.64873269684468,0.008822317701295762,17.116147218358194,0.09889665876748403,,
2,-8.73646753519597,4.723032464804078,,1207.2914675351956,0.0750470668542509,0.8807837083119233,0.008666949306859142,16.511106399830638,0.010561497913887767,16.648785092136393,0.008804502051900578,17.12689012563705,0.09632041209956195,,
3,-5.725808491328962,5.231691508671133,,1207.2908084913288,0.07504208741947643,0.8808246864563459,0.008670004822918185,16.511276681880553,0.01055469390900116,16.648379694935795,0.0087965819716003,17.038475196107658,0.07767474761651466,,
4,-5.725712966040874,6.228787033959065,,1207.2907129660407,0.0752074151105514,0.8808955017630392,0.008688435464396693,16.511321356631065,0.01057723128323691,16.64842815031513,0.008816577831264669,17.04761904460567,0.07707266269606469,,
5,16.189546921811598,17.18654692181144,,1207.2904530781884,0.1452973202634122,0.8808455007840931,0.00870196816576113,16.511268992841995,0.010590689537356304,16.648404036984726,0.008826346270769777,17.086549162021328,0.18932657931149127,,
