comb,m1,m2,m3,Tmax,Tmax_err,st,st_err,gmax,gmax_err,rmax,rmax_err,Jmax,Jmax_err,Hmax,Hmax_err
0,-5.736306291051733,0.5698603756197068,24.927166666660924,54206.796472957714,0.07151299729336268,0.8811956263547431,0.008153744855522576,16.500179561952272,0.009601090525465048,16.60719838796258,0.008341128736858458,17.06992649453157,0.06172322082296832,17.224147940127494,0.08857566637549044
1,-5.735677097218286,1.2336229027835846,26.916566666652216,54206.79584376388,0.07190344035182836,0.8810853525579313,0.008189159437610036,16.500117396016456,0.009650463417288946,16.607050541446114,0.008384731438318888,17.078032002355755,0.06156263046567042,17.273768386149598,0.08361249485978164
2,-8.738619093841407,8.542625350596305,26.916566666652216,54206.79445242718,0.07116941478175083,0.8813654036988882,0.00811341645980188,16.5002205621662,0.009551325468377428,16.607351597215352,0.00830000870713123,17.11159918637543,0.08720754630273149,17.27297752538607,0.07218554684024844
3,-5.733115210699907,9.545240344855605,23.912233333328913,54206.79328187736,0.07163727744603465,0.8813389637438069,0.008163591992197728,16.50033901131566,0.009602540729996605,16.60688420742309,0.00834212124234137,17.05184209898125,0.07178096759190934,17.265456108730753,0.07219891766144444
