comb,m1,m2,m3,Tmax,Tmax_err,st,st_err,gmax,gmax_err,rmax,rmax_err,Jmax,Jmax_err,Hmax,Hmax_err
0,-5.731156469999405,0.5750101966720346,24.927166666660924,54206.79132313666,0.07387204378258914,0.8811172113644251,0.00842689937359761,16.50080462326993,0.009906581872183854,16.605155438596388,0.008601808700107232,,,17.261540940355015,0.09133116780742676
1,-5.731352098300704,1.2379479017011665,26.916566666652216,54206.79151876496,0.07433426518638477,0.8809043018067224,0.008471356752415303,16.500618227022567,0.009966830291157502,16.60517066335169,0.008653081216272392,,,17.311243259629197,0.08631992028350995
2,-8.735373465242446,8.545870979195266,26.916566666652216,54206.79120679858,0.07387483085327803,0.8811729203763873,0.00843095509841862,16.50078942024325,0.009908265140722385,16.605301282368092,0.008603140763550555,,,17.31424500472608,0.07484107899269267
3,-5.731424309153226,9.546931246402286,23.912233333328913,54206.791590975816,0.07445047439639488,0.8809213749709299,0.0084889898572884,16.50063479844055,0.009983813062767074,16.605170501991587,0.008666393443620262,,,17.29844399540838,0.07506743873213068
