comb,m1,m2,m3,Tmax,Tmax_err,st,st_err,gmax,gmax_err,rmax,rmax_err,Jmax,Jmax_err,Hmax,Hmax_err
0,-5.735815653890313,0.5703510127811265,24.927166666660924,54206.79598232055,0.07410311811759643,0.8812680862868483,0.008460525692921932,16.50025377712311,0.009951273881052507,16.607074316838514,0.00864279416590184,17.075797577290896,0.06398696941186904,,
1,-5.734830282097391,1.234469717904479,26.916566666652216,54206.79499694876,0.07421629546409236,0.8812406313497068,0.008473226662484148,16.500228467048718,0.009968025751297146,16.60708634235494,0.008657096677037948,17.081500590686016,0.06359205595360201,,
2,-8.737628200186009,8.543616244251703,26.916566666652216,54206.793461533525,0.07370388599352874,0.8813438060899377,0.008411297630749508,16.50020354510508,0.009894987122953156,16.60726960610599,0.008595309091054158,17.12275760219317,0.09033721900022378,,
3,-5.731973399524577,9.546382156030935,23.912233333328913,54206.79214006619,0.0737645288368828,0.8815251869806404,0.00842292371308475,16.500438640928092,0.009893737987660276,16.606980856238394,0.008593567217572755,17.052115930233953,0.07401238140076342,,
