comb,m1,m2,m3,Tmax,Tmax_err,st,st_err,gmax,gmax_err,rmax,rmax_err,Jmax,Jmax_err,Hmax,Hmax_err
0,-8.734855422565488,,,1207.289855422565,0.07665580582595415,0.8805735137933002,0.008859097905959023,16.511636294434386,0.010784346061033201,16.64684657977335,0.008983429125171333,,,17.296408078652817,0.20988543463974052
1,-5.724373743446449,,,1207.2893737434463,0.0765567552305851,0.8805760346274549,0.008847133657221869,16.51175030176974,0.010769327648117083,16.646507189009448,0.008970886607748266,,,17.175448881741026,0.1930422490672198
2,16.18943058476998,,,1207.29056941523,0.1468021079739263,0.880572226374273,0.008876774545361487,16.511469545828678,0.010806517620943661,16.647348598419278,0.009001977674851516,,,17.268985146910527,0.1313348789130853
3,18.183235410317366,,,1207.2907645896823,0.14684217236899003,0.8805714569925673,0.008881613535354887,16.511423833356165,0.010812590594384592,16.647485479880835,0.009007052330163336,,,17.340109168362034,0.1178930420415916
