comb,m1,m2,m3,Tmax,Tmax_err,st,st_err,gmax,gmax_err,rmax,rmax_err,Jmax,Jmax_err,Hmax,Hmax_err
0,-5.735572516008688,-7.237739182670339,,54206.79573918267,0.07603454528049065,0.8812996590103883,0.008685090664278266,16.500161370775245,0.01021030742703538,16.60736513188885,0.008867169977778422,17.077558153364077,0.06775817517397065,,
1,-8.737641802239523,3.725941531090939,,54206.79347513558,0.07549704924203864,0.8813340719967266,0.008620441866053798,16.5001958739709,0.010132595321497063,16.607274173233435,0.008799367937728961,17.122057197455472,0.10128625629841692,,
2,-8.737031320903043,4.721252012423065,,54206.79286465424,0.0753333143134947,0.8814199797067672,0.008601259851322584,16.500237841735856,0.010111238992396509,16.607322771170892,0.008782497878033493,17.132889131556293,0.09867727818210045,,
3,-5.732063197261596,5.229353469407215,,54206.792229863924,0.07532953364309684,0.8814592031542604,0.008603960190893703,16.50040564996623,0.010104585915055786,16.60692468541094,0.008775000389288412,17.043284214534147,0.0796118381593376,,
4,-5.731979495743872,6.224137170920585,,54206.79214616241,0.07549142433465074,0.8815240798111545,0.008621867897514755,16.500443286791512,0.010125654378681577,16.606970143311333,0.008794437194629431,17.052501563594586,0.07900008886543898,,
5,16.191124901539297,17.185824901534943,,54206.79187509846,0.14556988059629053,0.8814802882902212,0.008633593272884975,16.50039767548321,0.010136762455893922,16.606947397686458,0.008802859203911152,17.093138259134513,0.19354141735464414,,
