comb,m1,m2,m3,Tmax,Tmax_err,st,st_err,gmax,gmax_err,rmax,rmax_err,Jmax,Jmax_err,Hmax,Hmax_err
0,-8.735211411469209,,,54206.79104474481,0.07690628892135404,0.8812004901270608,0.008786326846774193,16.500946613173664,0.010318459060176904,16.604954680706904,0.0089562915310071,,,17.302746119722833,0.21491923849853573
1,-5.730410505035252,,,54206.7905771717,0.07680781794885373,0.8812022963192658,0.00877455191991932,16.50105948397522,0.010304187437773069,16.604623993525852,0.008943882745592728,,,17.1817058718444,0.19775769524837378
2,16.191241424065083,,,54206.791758575935,0.14705086391981131,0.8811990962779277,0.008803501341352203,16.500784466284983,0.010339232286165696,16.605443210042452,0.008974373585213538,,,17.275237257127348,0.1342153115633446
3,18.180447846905736,,,54206.791952153086,0.1470873371562505,0.8811979217786918,0.008807856647132713,16.500739679217652,0.010344520661644433,16.605574865159028,0.008978965171497254,,,17.34659162521041,0.12037963754903701
