comb,m1,m2,m3,Tmax,Tmax_err,st,st_err,gmax,gmax_err,rmax,rmax_err,Jmax,Jmax_err,Hmax,Hmax_err
0,1.7232831743838233,-2.281716825616172,,1535.102716825616,0.08898092071416266,0.978184086051786,0.010836340231843374,16.196603360013523,0.011299797287203888,16.250853302260325,0.012011103701163995,16.857417863125985,0.03637317653936077,,
