comb,m1,m2,m3,Tmax,Tmax_err,st,st_err,gmax,gmax_err,rmax,rmax_err,Jmax,Jmax_err,Hmax,Hmax_err
0,-6.301861845589883,,,54534.617461845584,0.08547761020080655,0.9778944888629635,0.010298475610696224,16.196766843032652,0.010766299355779187,16.2516421717064,0.011436602976135865,16.794193105498213,0.04485829193794696,16.944252948073252,0.09847037150851459
1,1.7088746066656313,,,54534.61772539334,0.5455521440699435,0.977873077502327,0.010307212507582094,16.196509889551418,0.010776779322288167,16.252199301063644,0.011446871072859511,16.928859277922594,0.10412783629248687,16.981740980045885,0.15206750769197108
