comb,m1,m2,m3,Tmax,Tmax_err,st,st_err,gmax,gmax_err,rmax,rmax_err,Jmax,Jmax_err,Hmax,Hmax_err
0,1.7306082146897097,-2.2748917853168678,,54534.59599178532,0.08673304518894873,0.9779870664556819,0.010559319851923694,16.195872689691566,0.011023700180167772,16.251076274470314,0.011711079510716395,16.849921685383073,0.035482878660822066,16.957466781952945,0.08074287468315199
