comb,m1,m2,m3,Tmax,Tmax_err,st,st_err,gmax,gmax_err,rmax,rmax_err,Jmax,Jmax_err,Hmax,Hmax_err
0,-6.302358097367687,,,54534.61795809736,0.08607345248312681,0.9778080322979912,0.010369731489485442,16.19704958954329,0.010845787418720164,16.250824384827965,0.011517566817268413,16.79805412277002,0.04519138829390609,,
1,1.7090997315463028,,,54534.61750026846,0.5459701995562709,0.9776274464786107,0.010350766884763921,16.19663411179242,0.010835341572762511,16.25122978146736,0.011500099673617615,16.940990697263427,0.10442645143903262,,
