comb,m1,m2,m3,Tmax,Tmax_err,st,st_err,gmax,gmax_err,rmax,rmax_err,Jmax,Jmax_err,Hmax,Hmax_err
0,1.7042547004555217,-2.3007452995444737,,1535.1217452995443,0.08522539101878697,0.9771627147353644,0.01023640093620599,16.197684842521213,0.010736096180364831,16.248214302670913,0.011378034765229566,,,17.017986768079144,0.07872186632731211
