comb,m1,m2,m3,Tmax,Tmax_err,st,st_err,gmax,gmax_err,rmax,rmax_err,Jmax,Jmax_err,Hmax,Hmax_err
0,1.7108736086738645,-2.294626391332713,,54534.615726391334,0.0848627185227384,0.9770445174702844,0.010196223067713624,16.197364536792996,0.010702549946018254,16.247823518090474,0.011339051380812593,,,17.01805064972762,0.07843808972316857
