comb,m1,m2,m3,Tmax,Tmax_err,st,st_err,gmax,gmax_err,rmax,rmax_err,Jmax,Jmax_err,Hmax,Hmax_err
0,-6.307282701099439,,,1535.1232827010992,0.08651289768240446,0.9781641967847329,0.010427134916717774,16.19753643784059,0.010883694092196285,16.251382149176415,0.011569733975979686,16.797883726068505,0.04539101236863277,,
1,1.70247929608513,,,1535.1235207039147,0.5463348254537908,0.9777453513326289,0.010391223423568453,16.19695448629237,0.01086883445027398,16.25161876339977,0.011539223617925679,16.941431916316656,0.10460089109376935,,
