comb,m1,m2,m3,Tmax,Tmax_err,st,st_err,gmax,gmax_err,rmax,rmax_err,Jmax,Jmax_err,Hmax,Hmax_err
0,-6.301206818010542,,,54534.616806818005,0.0860929162757927,0.9772133920802837,0.010350715561018764,16.197615494573526,0.010856817083207869,16.24786366241248,0.011508517377496483,,,16.991440649791855,0.09928326209847751
1,1.709681065964105,,,54534.61691893404,0.546058916529716,0.9772368192736486,0.01034734997863615,16.197533945912614,0.010852108195341967,16.248129337482244,0.011504370146028668,,,17.062909896244125,0.15299299852279358
