comb,m1,m2,m3,Tmax,Tmax_err,st,st_err,gmax,gmax_err,rmax,rmax_err,Jmax,Jmax_err,Hmax,Hmax_err
0,-6.307491298266996,,,1535.1234912982668,0.08584135895383789,0.9780118019564438,0.010338887697490372,16.197089362412026,0.010799702894106266,16.25202661623036,0.011475680056693749,16.793908415684722,0.045038468612186126,16.944044240677815,0.09883086117389271
1,1.7022523911186909,,,1535.123747608881,0.5459157716777692,0.9779900448135054,0.010347593543838395,16.196829753494296,0.010810168904832659,16.252586714004458,0.011485913220345043,16.929311198359887,0.10430176891004952,16.982103171593362,0.152527062890578
