comb,m1,m2,m3,Tmax,Tmax_err,st,st_err,gmax,gmax_err,rmax,rmax_err,Jmax,Jmax_err,Hmax,Hmax_err
0,1.7234578640909604,-2.281542135909035,,1535.1025421359088,0.08723567948459499,0.9783046077302887,0.010625526225856713,16.196388723733875,0.011072651266716237,16.251622705428375,0.011774376787690785,16.84987592618899,0.03566096734840817,16.957649422828002,0.08114390897807852
