comb,m1,m2,m3,Tmax,Tmax_err,st,st_err,gmax,gmax_err,rmax,rmax_err,Jmax,Jmax_err,Hmax,Hmax_err
0,-2.9235099025856925,-4.403509902585597,,1852.4685099025855,0.26464890719424006,1.0735587719650757,0.03777318093838935,17.9049880427184,0.014658681721968653,17.259518554335415,0.017985807338153473,16.791927057292135,0.03904594658086129,16.929101344808696,0.07487229912453766
1,1.0543129018765285,-2.4281870981234306,,1852.4956870981234,0.24994469447462817,1.07049003597629,0.03553782327185487,17.90529957001843,0.014623446491392137,17.258373777085083,0.017609543272220817,16.7769236497817,0.03985917276878114,16.927341514184285,0.07725006515581763
2,5.019787127563632,-0.49071287243623374,,1852.5862128724361,0.2833509828025116,1.0620150132601431,0.04026158089491213,17.905659426211916,0.016577940710176573,17.25613510502549,0.019778141302050762,16.753458464669087,0.05347780722354197,16.916197319168354,0.10360947679947871
3,1.0528887945761198,-0.9496112054239347,,1852.4971112054238,0.26530769653779573,1.0706284971915523,0.03763255240484671,17.905408077094055,0.014538801594041624,17.258353753558694,0.01781013757827277,16.792989363069616,0.04510841867575325,16.96834667431624,0.08522100069561557
4,-3.0140525491895005,1.0164474508104604,,1852.5590525491893,0.29973823557044227,1.0648561663954865,0.04243007778301891,17.905796701182194,0.016780229110941833,17.256682684531295,0.02030323021949913,16.77141342614476,0.06135635727400107,16.98357902399549,0.12429534891848208
5,1.029947177609074,3.0579471776089804,,1852.5200528223909,0.7593826457746189,1.0692221605738201,0.04257843271009686,17.906473139790947,0.016306992250075335,17.25696650803284,0.02000568787823529,16.743118275006914,0.12377140181389706,16.99526555249538,0.15574884259311053
