comb,m1,m2,m3,Tmax,Tmax_err,st,st_err,gmax,gmax_err,rmax,rmax_err,Jmax,Jmax_err,Hmax,Hmax_err
0,1.06556260844809,-2.5928262804372935,6.969333333327086,54851.98443739155,0.24468686217430258,1.0715502655227749,0.03463243250502592,17.906040708053492,0.014256817467387781,17.257759818414627,0.017173193642970302,16.785512866565654,0.03216982668698462,,
1,-3.0073020207564696,-1.308524242975788,11.023333333338087,54852.05146868742,0.27585620112658354,1.0649558326270627,0.0391348827724005,17.90613399125201,0.016205696899397284,17.256207462873938,0.019367303629361357,16.7747576873982,0.04021808999740457,,
2,1.0022716970634065,0.030493919291378308,11.023333333338087,54852.04772830293,0.2624063476136738,1.0653724467776156,0.0372548057400494,17.90627201152521,0.01595308352523082,17.256150375484566,0.01891049692129075,16.764989712515707,0.04139527302018396,,
3,1.0121711030660663,1.0282266586267117,8.059833333340066,54852.03782889693,0.2879335908763485,1.0663086482099986,0.04076267080084388,17.906206621310638,0.016212789628760705,17.256431618898247,0.01961448203561076,16.774198901912555,0.0486241824386956,,
