comb,m1,m2,m3,Tmax,Tmax_err,st,st_err,gmax,gmax_err,rmax,rmax_err,Jmax,Jmax_err,Hmax,Hmax_err
0,-5.902526174068726,,,1852.4875261740688,0.311347589806233,1.071775825114558,0.044319360973723826,17.904925596059478,0.01674662564658132,17.259266596517488,0.020672258689652695,16.78256537908845,0.06090829008291697,16.902530878151676,0.11180661453425071
1,-2.942307845573623,,,1852.4873078455735,0.3109905241667725,1.0718171310372793,0.044268188526927994,17.90508350580144,0.01672653035734154,17.25908036947289,0.020648073933520483,16.803380374654036,0.06666037066309045,16.964426689464673,0.13166397739538543
2,1.0631340549689412,,,1852.486865945031,0.7706664597293005,1.07183861013051,0.04422265902551248,17.905763610765373,0.016708744588979786,17.25821973223545,0.02062739663577772,16.76762210183183,0.13023032296465023,16.970657923219314,0.16744738877819354
3,5.121160250694857,,,1852.484839749305,0.7693888685994262,1.0718943426101626,0.05778502849122868,17.909155931134396,0.01663901902135565,17.253927358028665,0.020547589214387905,16.591057495262593,0.2017149612839222,17.165724901051778,0.49425338511229355
