comb,m1,m2,m3,Tmax,Tmax_err,st,st_err,gmax,gmax_err,rmax,rmax_err,Jmax,Jmax_err,Hmax,Hmax_err
0,-2.925430899439789,-4.405430899439693,,1852.4704308994396,0.2793254886389724,1.0737963023600705,0.03985084353352811,17.908083095451527,0.015058890041430158,17.25556194475072,0.018600364356801437,,,16.93981657942146,0.0769894634652143
1,1.0814579624795897,-2.4010420375203694,,1852.4685420375204,0.2800619896727641,1.0739015444886182,0.03998705203558449,17.907946941202777,0.015117833238826046,17.255743243656728,0.018673988538272873,,,16.940526556621798,0.08083743042533122
2,5.132027951029386,-0.3784720489704796,,1852.4739720489704,0.28477807975213265,1.0733026097881506,0.040554719058319526,17.90792391492938,0.015285979425966326,17.255642294309034,0.018887359898964038,,,16.929433403165802,0.09930683225148584
3,1.0699346257893012,-0.9325653742107534,,1852.4800653742107,0.27840653511506847,1.0729904491986642,0.03960897903825222,17.907856950256487,0.014943837857762392,17.255747742934364,0.01845306882691776,,,16.980199982772834,0.08827157461467143
4,-2.934885905921874,1.095614094078087,,1852.4798859059217,0.2820734032793498,1.072962630711085,0.04012990354586044,17.907759684140494,0.015138414968512646,17.255861843649136,0.018694199633498436,,,16.99027505197137,0.11487707399638489
5,1.0695605457103738,3.09756054571028,,1852.4804394542896,0.7412924736585755,1.0729687886860133,0.04001608592356034,17.907693003106964,0.015096497539398823,17.255958137203063,0.018640974340909007,,,17.00351518431374,0.14702267169080407
