comb,m1,m2,m3,Tmax,Tmax_err,st,st_err,gmax,gmax_err,rmax,rmax_err,Jmax,Jmax_err,Hmax,Hmax_err
0,-2.9301325324117897,-4.410132532411694,,1852.4751325324116,0.27676388677241004,1.0737735583504115,0.03937364828124063,17.90594612755309,0.015251391088484804,17.258506353790903,0.018712317753706395,16.79281331814457,0.0406648877727024,,
1,1.0647975870299433,-2.4177024129700158,,1852.48520241297,0.26065016291733467,1.0722370515722397,0.03676338613638991,17.90601209862406,0.015143265713216919,17.25796937406654,0.018241373838526594,16.783018279111086,0.04144136881404824,,
2,5.021794169877694,-0.4887058301221714,,1852.584205830122,0.29156788525900007,1.0629403852549926,0.041374228182783676,17.906274851847748,0.017039511597517005,17.25570930433208,0.020341424665063664,16.753532043604306,0.05502777630569526,,
3,1.0579455171684913,-0.9445544828315633,,1852.4920544828315,0.27802012508811763,1.0715778122208868,0.0394024984994763,17.90595511826569,0.015221608094391763,17.25790336375433,0.018652884609413424,16.793673405454083,0.04739292319720931,,
4,-3.0094885729242833,1.0210114270756776,,1852.5544885729241,0.3112514132419544,1.0657188553441426,0.04405128388337922,17.906161119926498,0.01740851098367912,17.256456294229203,0.021079503732304265,16.768840161155463,0.0637663100791666,,
5,1.0332289950592894,3.0612289950591958,,1852.5167710049407,0.7724256995948888,1.069954760777891,0.04442440644553288,17.90656047528101,0.01699891210542748,17.257033332573894,0.02086414590156682,16.74178628292341,0.12714245459566098,,
