comb,m1,m2,m3,Tmax,Tmax_err,st,st_err,gmax,gmax_err,rmax,rmax_err,Jmax,Jmax_err,Hmax,Hmax_err
0,-2.9122942482717917,-4.394044248270802,,54851.95646091494,0.262136075478654,1.0738129953827995,0.037455798754407806,17.905043159619975,0.014531977395221132,17.259423374543765,0.017838970569495842,16.791926913603557,0.03870117818901068,16.928415582568647,0.07424437106657447
1,1.0651269543013768,-2.419539712362166,,54851.984873045694,0.24774475527811218,1.0705967215302095,0.03526176214819174,17.90536535007424,0.014507583590292255,17.258227530541927,0.017476621441856903,16.776510097074034,0.03953256248716977,16.926678123545898,0.07663185004827133
2,5.030487546879158,-0.4811791197898856,,54852.07351245313,0.2811299717288945,1.0622555684660644,0.03998941680838724,17.905701613862878,0.016457297632613617,17.256036956924728,0.019648627615734295,16.75388817247421,0.05306094309151059,16.915688447652933,0.10289671587934396
3,1.0604141263393103,-0.9425025403252221,,54851.989585873656,0.26457916738728204,1.0704602400546523,0.03758289804419719,17.905489564113743,0.014511745382828302,17.258144485533567,0.017781746534291702,16.78715973079899,0.04497707499303355,16.966514396629226,0.08498295920013882
4,-3.001976810133783,1.0279398565362499,,54852.0461434768,0.2972159121716903,1.0651621600016132,0.04211722169141546,17.905859426701017,0.016651158079669496,17.256588268079664,0.02015904441747284,16.77063069525905,0.06093653808678059,16.982758490599185,0.12340798348135124
5,1.0428918047618936,3.069891804767394,,54852.007108195234,0.29599805032414894,1.0695090580484659,0.0421488584756051,17.906543066067485,0.016133759093116505,17.25685133010012,0.01980754899673852,16.739963054682303,0.1231115905365701,16.99467137036808,0.15441976086315043
