comb,m1,m2,m3,Tmax,Tmax_err,st,st_err,gmax,gmax_err,rmax,rmax_err,Jmax,Jmax_err,Hmax,Hmax_err
0,1.0733590177624137,-2.58502987112297,6.969333333327086,54851.97664098223,0.2239581815202968,1.0713532365468157,0.031871784341127675,17.90528978077356,0.013134837951758488,17.258465841940765,0.015827760149298965,16.784913000998976,0.029621024197889596,16.93838492777201,0.05768988419211077
1,-3.0014199485303834,-1.3026421707497018,11.023333333338087,54852.0455866152,0.25595856456720667,1.0647403261397228,0.03644733925749011,17.90550218190187,0.015103924188841523,17.25679734377772,0.018053600879802085,16.774838507681388,0.03747139558855161,16.93600267853725,0.07348804116232929
2,1.0051831863456755,0.03340540857364734,11.023333333338087,54852.04481681365,0.24306731022849065,1.0647223433166937,0.03472192567728758,17.905701846606867,0.01485842380907671,17.256520467460273,0.017615909935385775,16.76435130392175,0.03849185700348964,16.93682455329015,0.0754729699220088
3,1.0071667007578071,1.0232222563184525,8.059833333340066,54852.04283329924,0.2644525167164672,1.0654757720456725,0.03745678408275422,17.90585806677534,0.014906589951158766,17.25666222298767,0.018019127789701776,16.77500125179069,0.04453966980754374,16.97873009113799,0.08403965515203403
