comb,m1,m2,m3,Tmax,Tmax_err,st,st_err,gmax,gmax_err,rmax,rmax_err,Jmax,Jmax_err,Hmax,Hmax_err
0,-2.9141232290348853,-4.395873229033896,,54851.9582898957,0.2775012125749754,1.0739446588250794,0.03963335620182543,17.90807268226897,0.014974531295243617,17.255514526684937,0.018504151356697657,,,16.939195228443086,0.07655450677646565
1,1.0936201978838653,-2.3910464687796775,,54851.95637980211,0.27825842457014405,1.0740530488368876,0.039771358148579676,17.907938157113144,0.015034135433942292,17.255693347766655,0.01857858318581049,,,16.939923081076227,0.08038405083765077
2,5.142130248314061,-0.36953641835498274,,54851.96186975169,0.282989759880489,1.0734175882873205,0.04034678710150358,17.907910193564426,0.015203782271878062,17.255579164403905,0.018795106158819172,,,16.928978959312282,0.09876748537300516
3,1.082151101443742,-0.9207655652207904,,54851.96784889855,0.2765911125838676,1.0731472721785353,0.03939319608484436,17.90785047170723,0.014860596470607026,17.25569939561136,0.018358111651376213,,,16.979342509787628,0.08779804627979494
4,-2.9235171559557784,1.1063995107142546,,54851.96768382262,0.2802653570636952,1.0731187140003005,0.03991587594108438,17.90775306005702,0.015055858859858167,17.255810800447353,0.018600139871904866,,,16.989449264257008,0.11426894888504743
5,1.0815491702305735,3.108549170236074,,54851.968450829765,0.27951154868869227,1.0730561115849258,0.03981076813114345,17.907683368365454,0.01501415023767814,17.255884705859057,0.01854947772927203,,,17.002680696577787,0.14637940540059288
