comb,m1,m2,m3,Tmax,Tmax_err,st,st_err,gmax,gmax_err,rmax,rmax_err,Jmax,Jmax_err,Hmax,Hmax_err
0,-5.894636653901216,,,1852.4796366539013,0.2996905169849911,1.0730875900927923,0.042630778951151985,17.90826247591644,0.016081331512870285,17.25524816101065,0.019858397603420674,,,16.913535996545424,0.10792035044057705
1,-2.9349446111089037,,,1852.4799446111087,0.3000951718420603,1.0730401218523549,0.042688423458750964,17.907987735854096,0.016103892594789605,17.255589538081107,0.019885386820979328,,,16.975256245794633,0.1272733255616432
2,1.069859676941178,,,1852.4801403230588,0.7603636076350873,1.0730086633172031,0.04272665547538842,17.907807430292966,0.016118851606395278,17.255813401037653,0.019903285482982903,,,16.986390740135597,0.1627867665730547
3,5.125176537837888,,,1852.4808234621619,0.761311335986627,1.072898451604452,0.04286165866763499,17.907173606015004,0.01617164550037123,17.25660110677472,0.019966469090132277,,,17.15213383269674,0.4813169809629636
