comb,m1,m2,m3,Tmax,Tmax_err,st,st_err,gmax,gmax_err,rmax,rmax_err,Jmax,Jmax_err,Hmax,Hmax_err
0,-2.9190860670569236,-4.400836067055934,,54851.96325273372,0.2742961235849484,1.0739377878647212,0.039069772418123504,17.90598860766311,0.015128069740316557,17.25839315161298,0.01857099448092133,16.792656889567617,0.04033117936607552,,
1,1.0621980793803232,-2.4224685872832197,,54851.987801920615,0.25898459365671744,1.0709838687153692,0.036679141263945086,17.906071213768367,0.015080818800067864,17.257534367502917,0.018164272709777572,16.777349266223485,0.041147768796438056,,
2,5.031707315451058,-0.4799593512179854,,54852.072292684556,0.2898640909455144,1.063090098915956,0.041177655208438795,17.90630864262909,0.016950744936863243,17.25560039464674,0.020247679497310704,16.753959703534534,0.05471216442090001,,
3,1.0640315262135118,-0.9388851404510206,,54851.98596847378,0.2777398947411721,1.071219130022315,0.03942735590827118,17.906019364719484,0.015220183211109599,17.25766663130391,0.018654983377406672,16.78673809737642,0.04729911323692391,,
4,-2.9979326614557067,1.0319840052143263,,54852.04209932812,0.3092707665884664,1.0659440688345265,0.0438176642124667,17.906208526605198,0.0173106746739896,17.256358037871316,0.020972419856805,16.76843052358202,0.06345902446184314,,
5,1.0460144693934126,3.073014469398913,,54852.0039855306,0.3092217281444852,1.0702015231163995,0.04402245210442595,17.90660907614802,0.01683680522630346,17.256932817397033,0.02067905048554881,16.73867735862389,0.12652690977173925,,
