comb,m1,m2,m3,Tmax,Tmax_err,st,st_err,gmax,gmax_err,rmax,rmax_err,Jmax,Jmax_err,Hmax,Hmax_err
0,1.0964693168571102,-2.5619195720282733,6.969333333327086,54851.95353068314,0.26097529573326816,1.0742368040458028,0.03733675655706389,17.907888420502253,0.014121169291044962,17.255768332518436,0.017453659434141396,,,16.95078170922725,0.06266362661106749
1,-2.9113923914774205,-1.2126146136967388,11.023333333338087,54851.955559058144,0.2651792149279056,1.0739932892097852,0.03789206290341958,17.907842414873198,0.014308935010289932,17.255771040835953,0.01768846876245083,,,16.947388976462346,0.0718801069014992
2,1.0966234070365317,0.12484562926450356,11.023333333338087,54851.95337659296,0.2653051534929236,1.0741884289734918,0.037933674341603,17.907827012227976,0.014331861067656621,17.255819983871707,0.01771701063796525,,,16.94884993961258,0.075149126648091
3,1.0819753834221046,1.09803093898275,8.059833333340066,54851.96802461657,0.2621119311584211,1.0730339649423628,0.03733861629791182,17.90775463234562,0.014081538523229544,17.255777798690172,0.017398726416883933,,,16.987794753067273,0.08131290603071487
