comb,m1,m2,m3,Tmax,Tmax_err,st,st_err,gmax,gmax_err,rmax,rmax_err,Jmax,Jmax_err,Hmax,Hmax_err
0,-5.900803402176734,,,1852.4858034021768,0.30560266130626235,1.072621485751367,0.043495261367445325,17.90598609671102,0.016422207657473032,17.25819395265259,0.020280503746831192,16.78447862408011,0.0598550270521647,,
1,-2.9391458216282444,,,1852.484145821628,0.30500151816540444,1.0725826517708594,0.043406649958987964,17.905846034100783,0.016386959799043373,17.258306702823276,0.020236824611230428,16.80319805483933,0.06542926954350245,,
2,1.0660278124084925,,,1852.4839721875915,0.7649193865219539,1.0725842591731634,0.04339544876774658,17.906151836014402,0.016382574238312114,17.25791397007723,0.02023197433993804,16.766989495787623,0.12892297480902942,,
3,5.123029931950441,,,1852.4829700680493,0.7644573063470925,1.072596117288197,0.04333214485764469,17.907870789376314,0.01635791784456929,17.255712050803595,0.02020455365861306,16.574020548000117,0.1994576210449241,,
