comb,m1,m2,m3,Tmax,Tmax_err,st,st_err,gmax,gmax_err,rmax,rmax_err,Jmax,Jmax_err,Hmax,Hmax_err
0,1.0626176820785531,-2.5940489845881225,6.964999999999918,1852.4873823179214,0.22591377229378373,1.0712846584932338,0.03211461745598822,17.90522635689898,0.01323813759691707,17.2586244959061,0.015945189491690503,16.785400633096422,0.029851558353194415,16.939120754509464,0.058133664532691844
1,-3.0128105393828264,-1.3124772060494554,11.02099999999973,1852.5578105393827,0.2580780543110207,1.0645492849701377,0.036706674755631344,17.905452428382493,0.015219371011629394,17.25691692501953,0.018179066343121664,16.774884934767183,0.03775556062547853,16.936683389869263,0.0740094603332965
2,0.9951766927624703,0.025510026095768506,11.02099999999973,1852.5548233072375,0.24535407063635026,1.0647111659984212,0.035000832733376674,17.90564482944759,0.014983246399273885,17.256681820606033,0.017757444498083308,16.765285204895644,0.038833894688512366,16.937455095057434,0.07613394208982241
3,0.9951253441317931,1.0121253441316942,8.060999999999922,1852.5548746558682,0.26682388685626807,1.0652568460000722,0.037753826592866774,17.90578951034214,0.015028664049709619,17.256784243042667,0.01815781916170289,16.776837132212883,0.04486617953315273,16.979459705664325,0.08469877122748608
