comb,m1,m2,m3,Tmax,Tmax_err,st,st_err,gmax,gmax_err,rmax,rmax_err,Jmax,Jmax_err,Hmax,Hmax_err
0,1.0666305950155675,-2.590036071651108,6.964999999999918,1852.4833694049844,0.2454362557212122,1.0726376832368616,0.034606378310414576,17.905977967473195,0.014270788452710015,17.258156230225364,0.01719085147087761,16.78947283539942,0.032305137089009,,
1,-3.0180652924373135,-1.3177319591039425,11.02099999999973,1852.5630652924372,0.2775688811498585,1.0648391066220277,0.03933085656312445,17.906093482053496,0.016294385414754108,17.256331266424077,0.019462087397612193,16.77478920398189,0.04044072619151549,,
2,0.9936145918566126,0.023947925189910773,11.02099999999973,1852.5563854081433,0.26457220616205385,1.0655070555270099,0.0374988056222936,17.906226912348885,0.016064774392572465,17.256329400075387,0.019038594517099598,16.766064015973942,0.041720321768169595,,
3,1.0011134319431676,1.0181134319430687,8.060999999999922,1852.5488865680568,0.2900032587833206,1.066259567681587,0.04100746249878978,17.90616151913477,0.016317418653318032,17.256579393844557,0.019730212062345116,16.77596003764233,0.04889745433502492,,
