comb,m1,m2,m3,Tmax,Tmax_err,st,st_err,gmax,gmax_err,rmax,rmax_err,Jmax,Jmax_err,Hmax,Hmax_err
0,-5.894389099586988,,,54851.975055766256,0.3084737619234209,1.072044666720402,0.04395960887957574,17.904960858230258,0.016605807335907167,17.259191151800877,0.020510110073399312,16.78309369719652,0.06035386897521807,16.902014939230742,0.11090641785204643
1,-2.930707291714498,,,54851.97487395838,0.3080937419916291,1.0720887280269473,0.04390486672454778,17.90514386880603,0.016584637228899017,17.258979610297292,0.020484392657113926,16.80272296016937,0.06615087432603105,16.963556274739158,0.13063714890395647
2,1.0755729679440265,,,54851.97442703205,0.3077441414632267,1.072111453988952,0.04385611101864362,17.905846566630267,0.016565347269649484,17.258092948331498,0.020462167679785,16.765615772743327,0.12967421759190123,16.969888067609816,0.1662886596529971
3,5.131636907986831,,,54851.97236309202,0.30625281708232654,1.0722011439397243,0.05738763987355337,17.909196624687777,0.016483800407372018,17.253867876466444,0.020367946116953285,16.58930484004995,0.20042408850092203,17.165090418426747,0.4898556544119436
