comb,m1,m2,m3,Tmax,Tmax_err,st,st_err,gmax,gmax_err,rmax,rmax_err,Jmax,Jmax_err,Hmax,Hmax_err
0,-5.892671429573966,,,54851.97333809624,0.3029705442844028,1.0728628176300576,0.04316842150077656,17.90602025253667,0.016294654103598073,17.258110881068884,0.02013352901119142,16.784753433294387,0.05934300975769503,,
1,-2.927554410707671,,,54851.971721077374,0.3023601427550643,1.0728319273631304,0.043077790249291856,17.905897484215537,0.0162592104156319,17.258210323596657,0.020089242947889222,16.802536739300717,0.06496778392358472,,
2,1.078455101356667,,,54851.97154489864,0.3022758168769258,1.0728347514920307,0.043066423638697435,17.906214252849598,0.01625469484914263,17.25780591950621,0.020084348980578252,16.764963759498304,0.12842136534814214,,
3,5.133429051238636,,,54851.97057094877,0.30171809921199383,1.0728569178882879,0.04298960378681205,17.90788149644094,0.016224719717198754,17.2556732032126,0.020050507530580342,16.574920666906394,0.19833722056783715,,
