comb,m1,m2,m3,Tmax,Tmax_err,st,st_err,gmax,gmax_err,rmax,rmax_err,Jmax,Jmax_err,Hmax,Hmax_err
0,-5.886709742495441,,,54851.967376409164,0.29775368596546986,1.07323938599301,0.042401547835092084,17.908249316292366,0.015992573391356884,17.255200535796657,0.019757478245802082,,,16.913115044709148,0.10729792486972024
1,-2.9235759312214213,,,54851.96774259789,0.29813588669852686,1.073192254296443,0.04245597610150171,17.907979307427023,0.016014052357693525,17.25554113825757,0.019783028063685985,,,16.974404111754804,0.12659042557100653
2,1.0820563300949289,,,54851.9679436699,0.2984203596633208,1.0731592439868662,0.042496662249688205,17.907802500631306,0.01602991884876983,17.255760988447104,0.01980211907573991,,,16.985527278430613,0.16203056197321222
3,5.135349541938922,,,54851.96865045807,0.2993545821322994,1.0730458493420345,0.04262992171606349,17.90716941871344,0.016082077679555083,17.25654262606689,0.01986451158529367,,,17.15142614020187,0.4787108601655542
