comb,m1,m2,m3,Tmax,Tmax_err,st,st_err,gmax,gmax_err,rmax,rmax_err,Jmax,Jmax_err,Hmax,Hmax_err
0,1.084628986530788,-2.5720376801358875,6.964999999999918,1852.4653710134692,0.2626730648770707,1.0741692060255024,0.037534862956411334,17.90790310711049,0.014201438257618342,17.255840705488996,0.01754290638309592,,,16.951481446604955,0.06299625308699618
1,-2.9225466195030094,-1.2222132861696384,11.02099999999973,1852.4675466195029,0.26687468615068716,1.0738854435830558,0.03809034628264574,17.907854499630652,0.014387627386514695,17.25583410899564,0.01777695226522948,,,16.948018811528254,0.07226585334679056
2,1.0845642627559755,0.11489759608927368,11.02099999999973,1852.465435737244,0.2669897823842231,1.0740549062281328,0.03813320739099331,17.907834523594765,0.014410028870089612,17.255879795875618,0.01780546815591512,,,16.949459620374434,0.07555800216690987
3,1.0700359076224686,1.0870359076223697,8.060999999999922,1852.4799640923775,0.2637880266784727,1.072960087326247,0.037531183439738214,17.907767441195976,0.014159459225946538,17.25585276997054,0.01748489171077509,,,16.988641118418812,0.08172232070771847
