comb,m1,m2,m3,Tmax,Tmax_err,st,st_err,gmax,gmax_err,rmax,rmax_err,Jmax,Jmax_err,Hmax,Hmax_err
0,-2.266449721393201,,,1200.9364497213933,0.13733046292027373,0.8657323759099735,0.010936382864102728,15.811210829296904,0.00830260999827068,15.841138704620812,0.00821931076705293,16.344082295728708,0.06108178570122243,16.587237725974756,0.15927452455571134
1,4.726056660967288,,,1200.9364433390328,0.5973084899144834,0.865742068381065,0.024674450891857967,15.81118273352606,0.008301061251798901,15.841209722100988,0.008217867690230909,16.309311199997012,0.16428286492058988,16.350802611201363,0.2590718643972995
