comb,m1,m2,m3,Tmax,Tmax_err,st,st_err,gmax,gmax_err,rmax,rmax_err,Jmax,Jmax_err,Hmax,Hmax_err
0,-2.265889195578893,1.2303608044211387,,1200.935889195579,0.13394711191177147,0.8661328793482027,0.010652237543747466,15.811360001825502,0.008091101621585191,15.841256233789911,0.008013424012302648,16.33592353025705,0.05271411502080425,16.524860419903064,0.12960785851079604
