comb,m1,m2,m3,Tmax,Tmax_err,st,st_err,gmax,gmax_err,rmax,rmax_err,Jmax,Jmax_err,Hmax,Hmax_err
0,-2.2674376051297713,,,1200.9374376051298,0.13735280045931664,0.8654289519786983,0.010945670328639563,15.81191668784272,0.008311381210926927,15.839280821050389,0.008225240122542232,,,16.623700015464344,0.15943800781596662
1,4.725121672898922,,,1200.9373783271012,0.597403378123964,0.8654229348925577,0.010949675040217289,15.812008730785902,0.008314526838240056,15.839058632677103,0.008228292718984714,,,16.388182835038965,0.25947735982249237
