comb,m1,m2,m3,Tmax,Tmax_err,st,st_err,gmax,gmax_err,rmax,rmax_err,Jmax,Jmax_err,Hmax,Hmax_err
0,-2.265289198416667,1.2309608015833646,,1200.9352891984167,0.13626410928132834,0.8657243257144543,0.010847190724521406,15.811996250392005,0.008237426158055429,15.839328471171784,0.008154272044113255,,,16.561772128017243,0.1318670078743073
