comb,m1,m2,m3,Tmax,Tmax_err,st,st_err,gmax,gmax_err,rmax,rmax_err,Jmax,Jmax_err,Hmax,Hmax_err
0,-2.2682644426672596,1.2279855573327723,,1200.9382644426673,0.135044922012752,0.8658762398153753,0.010750695213777485,15.811348820349993,0.008164770132253998,15.841111698818178,0.008084465059088183,16.336406463866464,0.053187004957804956,,
