comb,m1,m2,m3,Tmax,Tmax_err,st,st_err,gmax,gmax_err,rmax,rmax_err,Jmax,Jmax_err,Hmax,Hmax_err
0,-2.2665927096650194,,,1200.936592709665,0.13739996643181185,0.8658160846374674,0.010940213420848293,15.81124587867064,0.008305103940804217,15.84115695626986,0.008222477143923235,16.344049915033874,0.06109906298430231,16.587290752926613,0.1593236964306051
1,4.726062071580827,,,1200.9364379284193,0.5973096388939843,0.8657421908296085,0.024674531037357318,15.811182684600649,0.008301123435111312,15.841209564456655,0.00821792987736824,16.30930961507654,0.1642837406217754,16.35080331905462,0.2590736267000522
