comb,m1,m2,m3,Tmax,Tmax_err,st,st_err,gmax,gmax_err,rmax,rmax_err,Jmax,Jmax_err,Hmax,Hmax_err
0,-2.265976579856897,1.230273420143135,,1200.935976579857,0.1340106330235337,0.8662120446058947,0.010655622689572718,15.811384987489925,0.008093331437138765,15.841267592694965,0.00801626934815071,16.335932422372377,0.05272706408306961,16.52490747069892,0.12964337557380068
