comb,m1,m2,m3,Tmax,Tmax_err,st,st_err,gmax,gmax_err,rmax,rmax_err,Jmax,Jmax_err,Hmax,Hmax_err
0,-2.267018742318669,,,1200.9370187423187,0.13757664790024732,0.8657426580271202,0.01095613552535052,15.811261549344797,0.00831774907749555,15.841066643142746,0.008234260381657399,16.34325896533529,0.06119207993858106,,
1,4.725681379960633,,,1200.9368186200395,0.5975197031079946,0.8656595787319363,0.010953197770237195,15.811276743439063,0.00831595603799309,15.840930652432146,0.008231794048200257,16.312191339032164,0.16449606880301948,,
