comb,m1,m2,m3,Tmax,Tmax_err,st,st_err,gmax,gmax_err,rmax,rmax_err,Jmax,Jmax_err,Hmax,Hmax_err
1,-10.105377134175797,,,56623.27248824528,0.04346364425338252,0.6352141741459206,0.006441186557107274,14.981893587985537,0.0054494432888185975,14.920821828035411,0.005338763426267608,15.214059968561747,0.19228964235881837,,
2,-1.1693280135295936,,,56623.27121690242,0.043518894921374486,0.6350847133559231,0.00644994310078624,14.982025771464263,0.005456364762492922,14.920497055159178,0.005345914466539304,15.095902541126828,0.056764945537582094,,
3,-0.16379790676000994,,,56623.27113124009,0.04351784037254243,0.635083418718151,0.0064497576764252305,14.98206532957697,0.005456195165593371,14.920419009305979,0.005345750723142258,15.072304382268022,0.05843954913150188,,
4,0.8026603013422573,,,56623.27111747643,0.5035177312372162,0.6350832166318549,0.006449736532953827,14.982071996036202,0.00545617514827246,14.92040612598217,0.0053457295034611526,15.065716509274509,0.11112429838405904,,
5,14.820406877115602,,,56623.26959312289,0.11350540631184983,0.6350564256936456,0.006447435728176036,14.982766782187975,0.005453994773604078,14.919026808920687,0.005343610946180237,14.72756841414403,0.19491084149816645,,
6,24.77874008075014,,,56623.27114880813,0.11351790908159276,0.6350848558814514,0.006449766643211022,14.982058084839066,0.005456205371523409,14.920434774562079,0.005345757039656453,15.146936922676728,0.21785575351148548,,
7,26.793863364320714,,,56623.27138663568,0.11351997204623851,0.6350880775183113,0.006450152162344966,14.981949666553595,0.005456567966839074,14.92064941809911,0.0053461109410849125,15.215405274741418,0.2181383344266081,,
8,30.775626518072386,,,56623.27148459303,0.11352082249048862,0.6350896461454103,0.006450309888197031,14.981905115238513,0.005456716235012457,14.920737824924093,0.0053462552952354215,15.268981021498924,0.4056215917051433,,
