comb,m1,m2,m3,Tmax,Tmax_err,st,st_err,gmax,gmax_err,rmax,rmax_err,Jmax,Jmax_err,Hmax,Hmax_err
1,-10.104578672464413,,,56623.27168978357,0.04354652005809437,0.6351738006886392,0.006453784453767852,14.981821139361067,0.005459895112686813,14.920995000169363,0.005349230898187926,15.210108777971794,0.19258503113510997,15.35703814165013,0.2658116620164745
2,-1.1694696649574325,,,56623.27135855385,0.04354067001471765,0.6351774875754085,0.006452780768721066,14.981977471104898,0.005459019741607177,14.92069258679525,0.005348355841467699,15.093969553019063,0.056797075870738026,15.161438928601887,0.1029209515351556
3,-0.16383694278192706,,,56623.271170276115,0.04353919882183108,0.6351755121425035,0.006452475650038028,14.982055507161073,0.005458736173015005,14.920539860665803,0.0053480809329410385,15.070732726205499,0.05847221391976409,15.175656850917624,0.1000748837273993
4,0.8026231424009893,,,56623.271154635375,0.5035390159002171,0.6351755226742675,0.006452440864893092,14.982063025181452,0.005458705117049257,14.920525735246063,0.005348047743797902,15.063103525644824,0.11115925452492556,15.165809568223327,0.11791518330690891
5,14.82162658796733,,,56623.26837341204,0.11352234316533519,0.6351515627645631,0.020188743405704253,14.98322660002143,0.005455205238951368,14.918246455483576,0.005344609739735723,14.73694888944661,0.1949896140692586,15.215690934697665,0.1175523797135048
6,24.77898247144185,,,56623.27090641744,0.11354047661630202,0.6351684496703924,0.020192542571180666,14.982151953709643,0.00545874437473443,14.920346965993373,0.005348097760527071,15.150231879132106,0.21794204760209582,15.353722566629767,0.1856015765920272
7,26.79390449803759,,,56623.27134550196,0.11354327264898272,0.6351723093607775,0.02019315143313986,14.981968982073017,0.005459318013889933,14.920706078320864,0.005348660944727606,15.221780894523564,0.21822603718264819,15.33844148601535,0.20502954655377253
8,30.775537694593368,,,56623.27157341651,0.1135443294038938,0.6351750315968161,0.020193410292914514,14.981876295850897,0.005459569348854705,14.920888658038303,0.00534890581826175,15.274027934332741,0.4057562841168983,15.284777168781055,0.2583600304037527
