comb,m1,m2,m3,Tmax,Tmax_err,st,st_err,gmax,gmax_err,rmax,rmax_err,Jmax,Jmax_err,Hmax,Hmax_err
0,-1.1570530322787818,,,53654.50230303228,0.12877368346785406,1.1205492256632437,0.018251696787710235,16.230706803251678,0.007199667739194509,16.3353202406214,0.010496118568661299,,,17.076765286435236,0.12057534377873384
1,1.715950420439185,,,53654.502549579556,0.5888550973972989,1.120522006247871,0.01826364189075357,16.230606885891053,0.007203539681290988,16.335573074974704,0.01050293341571657,,,17.20456110903606,0.13507473411224755
2,5.704475146871118,,,53654.502524853124,0.5888122694155065,1.1204906111353137,0.018257186148960408,16.230660209140567,0.007202137348208648,16.335422077201468,0.010499072451537611,,,17.10455425013103,0.16559295373118366
3,9.704203111177776,,,53654.50229688882,0.5887113541172311,1.120499181364399,0.018242177853493767,16.230785419476046,0.007197840159793821,16.335101263865933,0.010490386900677452,,,16.86170303206014,0.19090177058799493
4,13.73936106403562,,,53654.50243893596,0.1988245405709663,1.12054018903971,0.01825945914732915,16.230649009324953,0.007201492606510429,16.335467520367605,0.010500719531378978,,,16.957283796929804,0.21430496925155346
5,17.75996038026642,,,53654.50303961975,0.1989276049297292,1.120392119598157,0.01827382791655038,16.23051176112823,0.007208424781074287,16.335787777048516,0.010508295482791186,,,17.145272129265063,0.1722301819716973
6,22.765646707819542,,,53654.502553292186,0.1988581123858782,1.1205249007273983,0.01826438830565024,16.230606933443255,0.007203071169234701,16.3355726730883,0.010503528786068831,,,17.01262635614747,0.22743075799254828
7,37.69152840433526,,,53654.502304928996,0.19875547001849,1.1205257828259074,0.018248882145607204,16.230731195620777,0.007199312557541622,16.33524734976653,0.010494393751163992,,,16.95088957786143,0.16797392564832853
