comb,m1,m2,m3,Tmax,Tmax_err,st,st_err,gmax,gmax_err,rmax,rmax_err,Jmax,Jmax_err,Hmax,Hmax_err
0,-1.134566643185508,,,655.0045666431855,0.12870920580756992,1.1203945759651115,0.018253443528951533,16.230509265438165,0.007196646131566425,16.335219866172682,0.010493643408627388,,,17.076033301310574,0.12053928426082224
1,1.710193288000255,,,655.0048067119999,0.5887917427898622,1.1203763412312489,0.018265536938898094,16.230408482089477,0.007200468913762067,16.335479571895313,0.010500579074334684,,,17.20471504979918,0.13500450721091775
2,5.700292257486012,,,655.004707742514,0.588752450396292,1.12038158349405,0.018259665151653757,16.230460093521923,0.007198794074672468,16.335346134455435,0.010497195402723808,,,17.104702915824735,0.16551589004483078
3,9.703115382505985,,,655.004384617494,0.588653633476051,1.120427026767691,0.01824527400445284,16.230583235473322,0.007193974423082638,16.335037063620835,0.010489029262470027,,,16.861723235397857,0.19081800837908997
4,13.73528138047368,,,655.0047186195263,0.19875757334444616,1.1203800122674252,0.01826048015142945,16.230450545548294,0.007198960916733782,16.335369908288637,0.010497655059962046,,,16.957154069253043,0.21421087133794053
5,17.758938045967966,,,655.005061954032,0.19887159045044606,1.120340208924054,0.018277209382947412,16.230308105425472,0.007204342611578378,16.335731167555615,0.010507202963269442,,,17.145204669273923,0.17215798693659431
6,22.7651818977356,,,655.0048181022644,0.19879063779521702,1.120371925560695,0.018265381662935894,16.2304084788544,0.0072004630153043436,16.33547853186498,0.010500466896039408,,,17.01261590442257,0.22732959306210873
7,37.69048737917262,,,655.0045126208274,0.19869433562670247,1.1204107053180694,0.018251251612302136,16.230531958420602,0.007195911166170379,16.33516649178444,0.010492428811579866,,,16.95100111075101,0.1678751653742924
