comb,m1,m2,m3,Tmax,Tmax_err,st,st_err,gmax,gmax_err,rmax,rmax_err,Jmax,Jmax_err,Hmax,Hmax_err
0,-1.1567590254198876,,,53654.50200902542,0.1298278887401243,1.120161409547403,0.018414036866393917,16.229378280076205,0.007253628585634646,16.33826131465979,0.010589895467921996,16.83115327680435,0.07218719543101061,17.046678303079712,0.12153603799586804
1,1.7168989478086587,,,53654.50160105219,0.5897236378652693,1.120188557080571,0.018399183714094068,16.22954869418989,0.007248447560895,16.337826676747845,0.01058148849198692,16.816515158238172,0.12434822457223664,17.151557682996717,0.13582753306873518
2,5.707390185045369,,,53654.49960981495,0.5894918468070367,1.1202466874880883,0.0321080273057156,16.23015908415687,0.007235538380582409,16.336176419566677,0.010564670477210379,16.60759741999162,0.15154165481486467,17.06000291274728,0.1663097157145053
3,9.706230678362772,,,53654.50026932164,0.589622971644518,1.1201774094218466,0.032126579733140606,16.229938473242715,0.007242643459096682,16.336735163388347,0.010574976665089386,16.64561563893018,0.23859374003680128,16.823166431371966,0.19203925674048575
4,13.740367825666908,,,53654.50143217433,0.19976584801261701,1.1202733851303308,0.03214568174051312,16.22949190116936,0.007249099827995333,16.337989678443428,0.01058561764315045,16.827610183845007,0.26847884791726284,16.918353061600563,0.21572744111061354
5,17.761448973265942,,,53654.50155102675,0.19968722688847707,1.1202267511447153,0.032133494722976844,16.229552261322336,0.007246482625204468,16.337838353108218,0.010578244623335346,16.915205323680063,0.30826154778793474,17.122610160537192,0.1731495525032385
6,22.766141239648277,,,53654.50205876036,0.1998290133732568,1.1202648958714563,0.03215389939765137,16.229304342621596,0.007252634622212491,16.338503915037887,0.01059003078552833,16.953168772143435,0.27179001352121374,16.966355541559007,0.22903014625942517
7,37.693239088504924,,,53654.500594244826,0.1996402341276997,1.1201555719282725,0.018388436435447866,16.229846206687117,0.0072440452542223656,16.336982122125253,0.010575774903491037,16.802190919232242,0.2616712263553432,16.968164299548146,0.16897376894153804
