comb,m1,m2,m3,Tmax,Tmax_err,st,st_err,gmax,gmax_err,rmax,rmax_err,Jmax,Jmax_err,Hmax,Hmax_err
0,-1.137753664841739,,,655.0077536648417,0.13017882652172752,1.1202749015244164,0.018472428530726413,16.22927702122099,0.007275789492077304,16.338309063467214,0.010620419134802425,16.8299520088919,0.07244651801586736,17.046203314003648,0.12193780849566674
1,1.711537864718025,,,655.0034621352821,0.5896749877781762,1.120142823195596,0.018403495716947212,16.229338708723386,0.007244679057710234,16.337772565919245,0.010580986401238392,16.81700625904533,0.12426488684927806,17.151736366354765,0.13575941371645653
2,5.703420965150826,,,655.0015790348492,0.5894435782108349,1.1201665700397283,0.03211218356440719,16.229950560383642,0.007232398304624646,16.336112691248765,0.010563906245836953,16.60818053998938,0.15145338606037195,17.060170197965103,0.16624038003789152
3,9.705343365583076,,,655.0021566344169,0.589579728165008,1.1201287657011805,0.03213160218050765,16.229729546557476,0.007239280339984806,16.336678175245588,0.01057487160405839,16.64572736396036,0.2384463470825952,16.82320733740726,0.1919701638351829
4,13.736411440241682,,,655.0035885597583,0.19971513362307958,1.1201332658973653,0.03214922908002586,16.22928947664748,0.007246728350202447,16.337896238592545,0.010584261100205009,16.827532628277783,0.2683726864077384,16.918266974409807,0.21565662982392161
5,17.76045531748514,,,655.0035446825149,0.1996394805271371,1.1201553834189775,0.03213790356308995,16.229347074804107,0.0072432378836983944,16.337771886562113,0.010577656683776868,16.915054071679542,0.30817862837114324,17.12256831315209,0.17308899304911982
6,22.76577091564718,,,655.0042290843528,0.19977524465882468,1.1201196683428505,0.03215715211274356,16.229103061235087,0.007250154665180531,16.338407640761652,0.01058845027834009,16.95302040959144,0.2716864402522395,16.966365949568136,0.22894511561377348
7,37.692521242635166,,,655.0024787573649,0.19959399633479022,1.120131402507701,0.018393238877664562,16.229638557062394,0.0072401492899482,16.33693495105631,0.01057561395919924,16.80220375758592,0.26142168209731936,16.96823034399758,0.16886469836460505
