comb,m1,m2,m3,Tmax,Tmax_err,st,st_err,gmax,gmax_err,rmax,rmax_err,Jmax,Jmax_err,Hmax,Hmax_err
0,-1.1607880638548522,,,53654.50603806385,0.12974605527777658,1.1205756774181614,0.018393106121148823,16.22972833997542,0.007257918456213863,16.337947709715962,0.010577249656167187,16.83490840642745,0.07224068340962074,,
1,1.71659563810681,,,53654.50190436189,0.5893422790340881,1.120503052838516,0.01833944995968004,16.22965830564726,0.007229957353827292,16.337766744374917,0.010546959466744315,16.8150195509584,0.12416662710465456,,
2,5.706216153957939,,,53654.50078384604,0.5891343357495219,1.1204525233129259,0.018309930735314006,16.230095935757845,0.0072211387256563495,16.33656227923052,0.010530069540906557,16.606824070942217,0.15135912413947977,,
3,9.705678404061473,,,53654.50082159594,0.589163240369421,1.1204756242805567,0.01831393575411952,16.230040280260493,0.007222293920570506,16.336715281664304,0.01053245440542902,16.65721780361928,0.2380824626091133,,
4,13.739948352907959,,,53654.50185164709,0.19934025335574296,1.1204958195832675,0.01833880342639732,16.22965470307521,0.007230507662476712,16.33776965079378,0.010546453092426787,16.843602748621105,0.26781080962155496,,
5,17.760811231251864,,,53654.50218876876,0.1993660832193529,1.1204416343348642,0.01834212827508917,16.22958847834449,0.007232479903395273,16.337936689789046,0.010548060484548807,16.914803025620404,0.30756461285853387,,
6,22.765871533876634,,,53654.50232846613,0.19941229597548327,1.1204887037896292,0.018349136335243696,16.22950270323027,0.007233522934257337,16.33818195827049,0.01055235214979912,16.976384230145996,0.2710620573684674,,
7,37.69290461632772,,,53654.500928717,0.19921160654240297,1.1205418257262938,0.018321386327081846,16.229939015679992,0.007223031677611841,16.337004426803134,0.010537082506728317,16.787730505416274,0.2610317893513536,,
