comb,m1,m2,m3,Tmax,Tmax_err,st,st_err,gmax,gmax_err,rmax,rmax_err,Jmax,Jmax_err,Hmax,Hmax_err
0,-1.1340174312598492,,,655.0040174312599,0.12977374582923926,1.1201042998633892,0.018417688115767977,16.22917708909322,0.007249729564816071,16.33819390044475,0.010588938546070306,16.829979411235993,0.0721724612247035,17.045899425182146,0.1215022892100277
1,1.7114034806269274,,,655.0035965193732,0.5896702425145959,1.1201311900162427,0.018402850575045353,16.229342258597324,0.007244585893302776,16.337771053557645,0.01058054203252,16.817025701749813,0.12426455783846839,17.15174503150803,0.13575713153772967
2,5.703314719984064,,,655.001685280016,0.5894369620965751,1.1201582154856238,0.0321113068579354,16.229953407510042,0.007232110288285761,16.336112468594134,0.010563347020966524,16.608226398683886,0.15144966254524514,17.060156284110477,0.16623451696486571
3,9.705242885536904,,,655.0022571144631,0.589569882622824,1.1201240250694207,0.03213033039471802,16.229732716412787,0.007238736408966877,16.336678549650724,0.010574093953865181,16.645744765159616,0.23843141703804277,16.82320822702113,0.19195854099350818
4,13.73630322553879,,,655.0036967744612,0.19970509386951368,1.1201233082545718,0.03214788570550639,16.22929292772004,0.007246250774066114,16.3378941215668,0.010583423418791777,16.827536580665416,0.268357704055681,16.918256140022716,0.21564344801665417
5,17.760367914577614,,,655.0036320854224,0.1996322308120119,1.120152142997655,0.032136974770361426,16.229350217480103,0.00724283732742541,16.337771928929783,0.01057708932535272,16.915039941903018,0.3081652916438746,17.122569035665574,0.1730812024231136
6,22.765707929553173,,,655.0042920704468,0.19976897594597046,1.1201238751228648,0.03215637773545471,16.229105394989894,0.007249696814519093,16.33841084189958,0.010588007068644859,16.953024928113635,0.27167403110108823,16.966362846215006,0.22893491519413653
7,37.69243572815287,,,655.0025642718472,0.19959023819026342,1.1201341220662153,0.018392797273723605,16.22964133199593,0.007239806829181779,16.336938130004583,0.010575377029081777,16.802226431939072,0.2614064188240672,16.968223337050954,0.1688575716867065
