comb,m1,m2,m3,Tmax,Tmax_err,st,st_err,gmax,gmax_err,rmax,rmax_err,Jmax,Jmax_err,Hmax,Hmax_err
0,-1.138033492119007,,,655.008033492119,0.12968779756510235,1.1205184217517639,0.01839631334964208,16.229526469507682,0.007253772808445803,16.337880921620748,0.010575992388810686,16.828776058082614,0.07222365192997304,,
1,1.7108879593886286,,,655.0041120406115,0.5892764280089616,1.1203565215394962,0.018340807126520465,16.229457228435002,0.007227295692443898,16.33767658219023,0.010544141604454807,16.815620458862462,0.12410415433607334,,
2,5.702218010429874,,,655.0027819895702,0.5890796547229322,1.1203953966917912,0.018313508481211473,16.229889578248436,0.007217263000382326,16.33650893381356,0.010529046200743358,16.60739908977418,0.15126005060160924,,
3,9.70456678767323,,,655.0029332123268,0.5891061598680214,1.120386235844833,0.018317103507003146,16.22983816938831,0.007218719230761493,16.3366442642427,0.010531034527540534,16.657376654531184,0.2379344929134553,,
4,13.73591211296889,,,655.0040878870311,0.1992809404597961,1.1203638811056054,0.01834141966113125,16.229455669798757,0.0072274342373038515,16.337681295553054,0.010544542791154445,16.84354315036109,0.2676802763036839,,
5,17.759679120879127,,,655.0043208791209,0.19930894560983092,1.1203509808679288,0.01834530503799854,16.229387721187436,0.007228950150271784,16.337864246494938,0.010546637569008926,16.91460406249212,0.30746458763452256,,
6,22.765394831397202,,,655.0046051686028,0.1993468870932191,1.1203337337169137,0.018350526391324142,16.229304801021986,0.007231032168466224,16.338086318355302,0.01054947925843683,16.976228506714033,0.2709493475492718,,
7,37.69176989473715,,,655.0032301052629,0.19914593160874985,1.1203801313611284,0.018322672957246575,16.229741493751504,0.00722062761747608,16.33690696049103,0.010534093249457895,16.78764826638566,0.26091722659941646,,
