comb,m1,m2,m3,Tmax,Tmax_err,st,st_err,gmax,gmax_err,rmax,rmax_err,Jmax,Jmax_err,Hmax,Hmax_err
0,-8.187559431968566,,,1493.7825594319686,0.930234705154515,1.7341252508630565,0.05946640683821804,16.409039012362413,0.025659792740326724,15.06286852399512,0.03991517519834216,13.949812867955648,0.15965228401364695,,
1,-1.8585268553217702,,,1493.3985268553217,0.9248382848450745,1.7459026080921878,0.05779986844809677,16.404869998583322,0.02393964978014261,15.060326398712919,0.038110988337705175,13.683728009810551,0.17914424384744698,,
