comb,m1,m2,m3,Tmax,Tmax_err,st,st_err,gmax,gmax_err,rmax,rmax_err,Jmax,Jmax_err,Hmax,Hmax_err
0,-2.2505499571038854,-5.223049957103854,,1493.7905499571038,0.903114883311537,1.7365033100454113,0.05896483437105401,16.40486934321709,0.02541409015900418,15.065808417089627,0.03975138127226594,13.808805359058445,0.12000761101290398,13.527699912303472,0.1532028662749864
