comb,m1,m2,m3,Tmax,Tmax_err,st,st_err,gmax,gmax_err,rmax,rmax_err,Jmax,Jmax_err,Hmax,Hmax_err
0,-2.3298282300534083,-5.3023282300533765,,1493.8698282300534,0.8537568640661093,1.72939311491546,0.05580208800418054,16.414907286362002,0.02441204332967878,15.058181489031112,0.03786386964777206,,,13.525333057216292,0.14647638294998225
