comb,m1,m2,m3,Tmax,Tmax_err,st,st_err,gmax,gmax_err,rmax,rmax_err,Jmax,Jmax_err,Hmax,Hmax_err
0,-8.28994996098254,,,1493.8849499609826,0.9812991885555723,1.733627805458301,0.06291906847358092,16.410652549063325,0.02737007742838466,15.067525325759107,0.04227693076087972,13.932560684336659,0.16955961696031355,13.51663323813881,0.2345928814707056
1,-1.6024612725498173,,,1493.1424612725498,0.9801911772368856,1.7566672343053527,0.060109470255548934,16.40008148561487,0.024164987212840036,15.064494390173593,0.039004599753478336,13.658965222687987,0.18554087792698284,13.530650423293531,0.21405340926062022
