comb,m1,m2,m3,Tmax,Tmax_err,st,st_err,gmax,gmax_err,rmax,rmax_err,Jmax,Jmax_err,Hmax,Hmax_err
0,-3.184317335754031,,,304.76681733575407,0.03345876758311094,1.012848070515854,0.00419189597816108,14.753502889895932,0.0023363394453218443,14.914555333391386,0.002886531705289849,15.448391535875903,0.016577571468369558,15.766522007420933,0.04632804112134733
1,1.8427878060218177,,,304.76721219397825,0.49345133251691786,1.0128229208927193,0.004190946645335775,14.753450017715549,0.0023360504549148034,14.914710229324985,0.002886077619853746,15.519859653846767,0.07447150667559543,15.836597214013814,0.06921112294495405
2,6.778662836566696,,,304.76633716343326,0.49347726039176065,1.012912166123557,0.004194351493104514,14.753605769668075,0.0023370812049570444,14.914324063931764,0.0028876651702414323,15.434290434446952,0.08894839345005578,15.8502403400581,0.0754045665905418
3,22.807330340390877,,,304.7676696596091,0.10343963866845415,1.0127774755767924,0.017929409222481468,14.75336766824319,0.002335632725088196,14.914916133431438,0.0028854022310779064,15.624906083182449,0.11395997240633203,15.760180358398378,0.06170083196025692
4,33.7895001156802,,,304.7664998843198,0.10347179147648028,1.0128951863502498,0.0041936327373573445,14.753577851628295,0.002336846352042724,14.91439293809132,0.002887314586999542,15.500462624814732,0.0838368405999376,15.819638509520988,0.06662615268205763
5,37.759749320543335,,,304.76775067945664,0.10343750969407872,1.012769460908441,0.004189130631097987,14.753353114614427,0.0023355553689945615,14.914952484310813,0.002885278706633858,15.668641741062151,0.11455834188867968,15.878697038576071,0.0774051218746525
