comb,m1,m2,m3,Tmax,Tmax_err,st,st_err,gmax,gmax_err,rmax,rmax_err,Jmax,Jmax_err,Hmax,Hmax_err
0,-3.186187377888757,,,304.7686873778888,0.03342003230324273,1.013296133555717,0.00419261685107061,14.75365362520916,0.00233236963674168,14.914589344147815,0.0028834788542935375,15.44532112307688,0.016546033412856882,,
1,1.8421205591550347,,,304.76787944084504,0.49347207681766564,1.0127834880087019,0.004193853378194419,14.753443009838593,0.0023380152253983464,14.914714384063316,0.0028883892756492212,15.519343426461658,0.07449078315111593,,
2,6.777513201430509,,,304.76748679856945,0.4934853425933459,1.0128254170741469,0.004195642435900435,14.753530585864073,0.002338604320823847,14.914491557227613,0.0028892690695774535,15.430376235801097,0.08896673350250811,,
3,22.806847675436984,,,304.768152324563,0.10346253913494588,1.0127546608608682,0.004192575028887633,14.753381419512488,0.00233758400127256,14.914871046338664,0.002887751928286473,15.636492012547299,0.11403956168456635,,
4,33.788465536595766,,,304.7675344634042,0.1034839708422071,1.0128203777062141,0.0041954511054904985,14.75352155056203,0.0023385457276237265,14.914514822254539,0.0028891781955901648,15.492696097417788,0.08388278350859962,,
5,37.75930656377966,,,304.7681934362203,0.10346135345265448,1.0127503018977084,0.00419241257832293,14.753372463018078,0.0023375357179089423,14.914893847579542,0.0028876767004885062,15.665811227151266,0.1146370003383315,,
