comb,m1,m2,m3
0,-3.0899137276103374,,
1,1.938297052476571,,
2,6.873156569210607,,
3,22.90341821274876,,
4,33.88418494365209,,
5,37.85590570873586,,
