comb,m1,m2,m3,Tmax,Tmax_err,st,st_err,gmax,gmax_err,rmax,rmax_err,Jmax,Jmax_err,Hmax,Hmax_err
0,-3.1854492333232542,,,304.7679492333233,0.03339020333535153,1.0133314392153696,0.004188497727274924,14.753649553756107,0.002329779139108898,14.914604950650038,0.00288037505214863,15.448272794064335,0.016528708423705896,15.76669703838912,0.04619224282986432
1,1.8428315996985134,,,304.76716840030156,0.49345227033750744,1.0128203691933189,0.004191027690929323,14.753449324644937,0.0023361325745544646,14.91470929064713,0.0028861674677812406,15.519855649421357,0.0744724652531842,15.83659493446474,0.06921296348957286
2,6.778686665309124,,,304.76631333469084,0.4934788656118524,1.0129146944657985,0.0041945803834316725,14.75360619563281,0.0023371876480067174,14.91432468350021,0.00288780563793386,15.434286119417354,0.08895029956246762,15.850243145659087,0.07540716274334286
3,22.807359986199856,,,304.76764001380013,0.10344096764165173,1.0127808247136296,0.017929612131625514,14.75336809888875,0.00233571830659695,14.91491689771667,0.0028855196794043206,15.624907073889156,0.11396333007253494,15.760181734527348,0.06170264950000849
4,33.789521254797876,,,304.7664787452021,0.10347347045079694,1.0128971567849065,0.004193864680671119,14.753578283776472,0.00233695904091032,14.91439333753785,0.002887461074352795,15.500473564839943,0.08383992796774259,15.819636647923065,0.06662891975506892
5,37.75977929486265,,,304.7677207051373,0.10343896329689725,1.0127727517637708,0.004189347333062049,14.753353784110004,0.002335648906688292,14.914952584004705,0.0028854056814224417,15.668655451201866,0.11456196330695499,15.878697369083888,0.07740772801834131
