comb,m1,m2,m3,Tmax,Tmax_err,st,st_err,gmax,gmax_err,rmax,rmax_err,Jmax,Jmax_err,Hmax,Hmax_err
0,-3.1853539811691007,,,304.76785398116914,0.033381068447813814,1.0125821151491805,0.004180261789816935,14.753764422479252,0.002332315709010824,14.913601302231038,0.002880592555417436,,,15.781542206591952,0.04625064198596926
1,1.8418959266684851,,,304.7681040733316,0.4933716246470832,1.0125667868792387,0.004178997177467629,14.753727268208815,0.0023317977636977813,14.913710601985352,0.0028798778583636877,,,15.867086261568735,0.06912521143806637
2,6.776834085399003,,,304.76816591460096,0.49336771240217686,1.0125585713466043,0.004178475614250673,14.753710684498715,0.002331588220051368,14.913751668582291,0.002879589571991117,,,15.864143655702298,0.07526489227325615
3,22.806842951209546,,,304.76815704879044,0.103368889290249,1.0125596884786427,0.0041786202762607695,14.75371518606581,0.0023316571680553192,14.913740330510391,0.002879678232881553,,,15.781152633329892,0.061618510687527876
4,33.78788109483486,,,304.7681189051651,0.1033705195401963,1.0125649806277228,0.004178853833712241,14.75372302235037,0.0023317360087616616,14.913721419021803,0.002879794902375184,,,15.812413901488783,0.06649631666967315
5,37.75934395124068,,,304.7681560487593,0.10336901831378931,1.0125599169022765,0.0041786375622196266,14.753715469960998,0.0023316648117322463,14.913739714161919,0.0028796886061574125,,,15.88673412212818,0.07730304325116424
