comb,m1,m2,m3,Tmax,Tmax_err,st,st_err,gmax,gmax_err,rmax,rmax_err,Jmax,Jmax_err,Hmax,Hmax_err
0,-5.9362663479311095,,,667.611266347931,0.05311570639020947,1.1289150221975015,0.009085390519673548,17.271481868868683,0.002549045320154535,17.39986500109835,0.003581212606037921,17.967318827929205,0.04262193109756131,17.887036146372044,0.07398538453921759
1,-2.9887709080750255,,,667.608770908075,0.05304285045578968,1.129304450624352,0.009073899193105962,17.27195611057527,0.0025453824796410583,17.39854925156904,0.0035725866505972315,17.979464997304603,0.03537860137075893,18.16905229397667,0.09822036807347033
