comb,m1,m2,m3,Tmax,Tmax_err,st,st_err,gmax,gmax_err,rmax,rmax_err,Jmax,Jmax_err,Hmax,Hmax_err
0,-2.9907439678149785,-4.46324396781506,,667.610743967815,0.0523436317144414,1.1317971357686762,0.008929111232235226,17.272324467050133,0.0025185437524868244,17.398063567958864,0.0035032720123184327,17.98491991675339,0.02692242550700014,,
