comb,m1,m2,m3,Tmax,Tmax_err,st,st_err,gmax,gmax_err,rmax,rmax_err,Jmax,Jmax_err,Hmax,Hmax_err
0,-5.934885129265922,,,667.6098851292658,0.0531098664875401,1.128679098335802,0.009084667708993178,17.27147413518792,0.002548274597653252,17.39986256859904,0.0035826197839956735,17.967288161816626,0.04260308972842028,17.886976110130643,0.07396334429272901
1,-2.9888056053471246,,,667.6088056053471,0.053048278876315115,1.1293012183107274,0.009074810843866925,17.271955918503558,0.0025456496596339205,17.39854855965923,0.0035729864243403413,17.97946700569726,0.03538218549517764,18.169051644406593,0.09823072170479011
