comb,m1,m2,m3,Tmax,Tmax_err,st,st_err,gmax,gmax_err,rmax,rmax_err,Jmax,Jmax_err,Hmax,Hmax_err
0,-5.9334255474750535,,,53667.10759221414,0.05264881747530608,1.1327454679502527,0.008989706144562504,17.272526576089106,0.0025270922281471807,17.398515997517347,0.0035067093790773648,17.995443512940906,0.04230436818037915,,
1,-2.9838540004275274,,,53667.106054000426,0.0526357456752803,1.1325441785887633,0.008989044279756607,17.27255302437256,0.002525961590878326,17.398419694613544,0.0035075902891772612,17.97753256697562,0.03521296556712284,,
