comb,m1,m2,m3,Tmax,Tmax_err,st,st_err,gmax,gmax_err,rmax,rmax_err,Jmax,Jmax_err,Hmax,Hmax_err
0,-5.933356840221677,,,53667.107523506886,0.052776213633053265,1.1294129360674874,0.009021582739940156,17.27170456883892,0.0025299009063869,17.40019915838573,0.0035476979459503955,17.967597089241348,0.04231084981150335,17.887212145516067,0.07342926655304417
1,-2.9842257832424366,,,53667.10642578324,0.05271574621356315,1.1300395606124392,0.009011158126984223,17.272186638207867,0.0025273340082992883,17.39887932440111,0.0035379790057296543,17.97928080611896,0.03515839501697506,18.16908967271545,0.09752655265517159
