comb,m1,m2,m3,Tmax,Tmax_err,st,st_err,gmax,gmax_err,rmax,rmax_err,Jmax,Jmax_err,Hmax,Hmax_err
0,-2.9863083894888405,-4.4603250561558525,,53667.10850838949,0.052030826097724706,1.132499296529751,0.008866265700121905,17.272551929462967,0.002501133837037783,17.398384652822305,0.003469682506947949,17.98492474187416,0.026749869163104373,,
