comb,m1,m2,m3,Tmax,Tmax_err,st,st_err,gmax,gmax_err,rmax,rmax_err,Jmax,Jmax_err,Hmax,Hmax_err
0,-2.9879197178504455,-4.460419717850527,,667.6079197178505,0.054324475835953,1.1291743776257035,0.009274601864665714,17.27174393144439,0.002611086656922177,17.39913975933204,0.0036620334994735162,17.970935238511508,0.027868153672385022,18.005458954062313,0.06054567593992078
