comb,m1,m2,m3,Tmax,Tmax_err,st,st_err,gmax,gmax_err,rmax,rmax_err,Jmax,Jmax_err,Hmax,Hmax_err
0,-5.930097487093008,,,53667.10426415376,0.05272777503809333,1.1361295225505819,0.008972134677765036,17.27443462171218,0.0025342117684689957,17.393420240947467,0.0034734581043235576,,,17.973140701761544,0.07333135947936721
1,-2.9828079414073727,,,53667.105007941405,0.052761215932384115,1.135387528479283,0.008985716708490512,17.274066311408852,0.0025351154774054985,17.39441843669416,0.003483852033354309,,,18.225981111563875,0.0976642663731253
