comb,m1,m2,m3,Tmax,Tmax_err,st,st_err,gmax,gmax_err,rmax,rmax_err,Jmax,Jmax_err,Hmax,Hmax_err
0,-2.9805406532177585,-4.4545573198847705,,53667.102740653216,0.05434667950317924,1.1358601544048852,0.009252552048406255,17.274228181391486,0.0026117938488621623,17.39397374353955,0.003583388553491724,,,18.07931962996009,0.0603990328183367
