comb,m1,m2,m3,Tmax,Tmax_err,st,st_err,gmax,gmax_err,rmax,rmax_err,Jmax,Jmax_err,Hmax,Hmax_err
0,-5.931373965953753,,,667.6063739659536,0.053052205073154855,1.1354265649319832,0.009040508440975701,17.274212607354674,0.0025521297551940004,17.393106314324204,0.0035083202803279884,,,17.973051394461873,0.07387836616346795
1,-2.987180647800983,,,667.607180647801,0.05308074270400707,1.1346714383678727,0.009052785898152652,17.273843715612948,0.002552801366533413,17.394101157893644,0.0035185030994103568,,,18.226060238433526,0.09836913868472012
