comb,m1,m2,m3,Tmax,Tmax_err,st,st_err,gmax,gmax_err,rmax,rmax_err,Jmax,Jmax_err,Hmax,Hmax_err
0,-12.363707698110375,,,56395.521152142566,0.04613144950251143,0.8652233648063598,0.004867530184182943,16.523534846553705,0.007614275635171844,16.678251047085254,0.005068817315887758,17.407262292775204,0.2086773071058633,17.93352365557677,0.2438514197989819
1,-11.37858532172686,,,56395.520918655064,0.04616788625931637,0.8652541381606089,0.0048713143060657845,16.523621489088807,0.00761987763494945,16.678120835134703,0.005072715289070708,17.337653877898905,0.1200090996351707,17.758951311510984,0.17431704452102711
2,-10.424764421994041,,,56395.52087553311,0.04621883803088681,0.8652897848642783,0.004876854720743466,16.523661583369286,0.007628360577682023,16.67812461816843,0.005078589730387508,17.247613318033945,0.0814688132357161,17.48762664041882,0.11388529752478092
3,3.550040608490235,,,56395.5199593915,0.04629499650482505,0.8653644722052332,0.004884382069060709,16.523964922673947,0.007639075326248768,16.677569804389556,0.005086085478918416,17.0991046451911,0.10732209758958433,17.24000869928521,0.09973802303792498
4,4.518144775371184,,,56395.51971236749,0.04627122266341866,0.8653886339399982,0.004882270757426379,16.523918115111595,0.0076356680573314685,16.677903446022103,0.005083826214625628,17.139991307532128,0.1172608648999447,17.227061829482462,0.10586251733671084
