comb,m1,m2,m3,Tmax,Tmax_err,st,st_err,gmax,gmax_err,rmax,rmax_err,Jmax,Jmax_err,Hmax,Hmax_err
0,-12.365306856314419,,,56395.52275130077,0.045917516469366045,0.8651356657969412,0.00484515166079261,16.523417867074507,0.007580242961457633,16.678303249405708,0.005045232502188449,17.40598996899246,0.2080606397130244,,
1,-11.37935671395826,,,56395.521690047295,0.04594728952127113,0.8650671480150781,0.004847869160531889,16.523436250231956,0.007584943777100657,16.678041670173265,0.0050482772488320915,17.336146319610084,0.11962615971035448,,
2,-10.425097909814212,,,56395.52120902093,0.04596954096075322,0.8650924247270013,0.004849900914979615,16.52361154457029,0.007587700126198873,16.677673456021598,0.0050501957442159765,17.25268775476686,0.08111104562894553,,
3,3.5496442359581124,,,56395.520355764034,0.04600973612148043,0.8651371258101221,0.004853578035067765,16.523923097522722,0.007592702579332236,16.67701854284012,0.005053674382743949,17.100758120469276,0.10698433351589769,,
4,4.517292429394729,,,56395.520564713464,0.04600008621716002,0.8651260714464011,0.004852694743781969,16.523847271673784,0.007591505803251228,16.677175999515885,0.005052841907406729,17.133043151299002,0.11689973300582468,,
