comb,m1,m2,m3,Tmax,Tmax_err,st,st_err,gmax,gmax_err,rmax,rmax_err,Jmax,Jmax_err,Hmax,Hmax_err
0,-8.047309145302279,,,56717.2467091453,0.0863320127525244,1.1218533290864041,0.01629370191535114,17.90138892992714,0.0049124114649159315,18.07277237620241,0.007486199513944703,,,18.85131809640257,0.10787793989907694
1,-7.035518592172593,,,56717.246518592176,0.08634169530572786,1.121751256421605,0.016291284464615436,17.90131826770536,0.004913574105292749,18.073035470350447,0.007488797660663714,,,18.89339502628415,0.10198747564514184
