comb,m1,m2,m3,Tmax,Tmax_err,st,st_err,gmax,gmax_err,rmax,rmax_err,Jmax,Jmax_err,Hmax,Hmax_err
0,-7.022929677077627,-7.528729677080264,,56717.23392967708,0.09014907263348514,1.1143967008698277,0.016639764520007407,17.898245952886498,0.0051803225812266495,18.08299990564986,0.007945981998313248,18.740226966130336,0.04988513021094764,18.788677157517316,0.0778565750718397
