comb,m1,m2,m3,Tmax,Tmax_err,st,st_err,gmax,gmax_err,rmax,rmax_err,Jmax,Jmax_err,Hmax,Hmax_err
0,-7.031732008807012,-7.537532008809649,,56717.24273200881,0.08944512520263778,1.1176975759816328,0.016673879429577532,17.899123954630525,0.005119740635959255,18.080605371004502,0.007832978199647908,18.74782438289388,0.049567209914389745,,
