comb,m1,m2,m3,Tmax,Tmax_err,st,st_err,gmax,gmax_err,rmax,rmax_err,Jmax,Jmax_err,Hmax,Hmax_err
0,-3.8742770252547416,,,1876.7267770252545,0.12779909521927268,1.1890076070054139,0.016559284962505572,13.924429248463595,0.00902789934417519,13.913478250206682,0.008364094546660155,14.456002895598136,0.06008962566211814,,
3,-0.8844094230892097,,,1876.7294094230892,0.12736470845486944,1.189015611129137,0.016583241404537832,13.926643523745252,0.008949025823856257,13.917323880178188,0.008354556647029979,14.41822350149987,0.07014791920773551,,
4,11.103108555794734,,,1876.7318914442053,0.1973816520047245,1.1890168247798498,0.016588538135019794,13.926884501443165,0.00894414841081045,13.917701418201354,0.008356711783867859,14.647396807027782,0.28617613791331165,,
5,25.092972956134417,,,1876.7320270438654,0.19735722579850606,1.1890113273841423,0.016585182871577103,13.927011376572363,0.008942755652274094,13.917423597728826,0.008355920255889365,14.41847164744103,0.24714990571968304,,
6,37.19815738948682,,,1876.731842610513,0.1973898168076052,1.189022560067471,0.01658974631445901,13.926817793959808,0.008944982163635005,13.917791196785997,0.008357018549295171,14.783840784352446,0.3570411557708428,,
7,43.19473284389596,,,1876.7302671561042,0.19735826097333148,1.1890181608368395,0.016582637032742157,13.92665538134599,0.008948977351880565,13.91732454778421,0.008354778393879424,14.531642261432047,0.3246020875163674,,
8,45.197317003869784,,,1876.7306829961306,0.19734338948578808,1.1890079202307557,0.016582038591869366,13.926709077264023,0.008947653996165957,13.917300417600218,0.008354551768790474,14.476759947468123,0.3549750859804109,,
