comb,m1,m2,m3,Tmax,Tmax_err,st,st_err,gmax,gmax_err,rmax,rmax_err,Jmax,Jmax_err,Hmax,Hmax_err
0,-3.8790443798125125,,,1876.7315443798122,0.12758247852997162,1.1890123480190535,0.016592689455924053,13.927344701563644,0.008957943702147713,13.916636754962104,0.008369869295342914,,,14.70842290648425,0.08618207730970176
3,-0.8862591025763322,,,1876.7312591025764,0.12758290625551927,1.189008887178994,0.016593388427175292,13.92734342979811,0.008957588448575887,13.91665631141105,0.008369777518355036,,,14.725224094017044,0.06719477770509628
4,11.103283961107081,,,1876.731716038893,0.1975767292386883,1.1890108140953446,0.016593401257836062,13.927343381741185,0.008957085383786718,13.916696733947521,0.008369740556209447,,,14.757333186861759,0.11804538438367798
5,25.094524127729073,,,1876.7304758722707,0.19756770198306636,1.1890116531880686,0.016587958561164757,13.927029737370237,0.008963003296929735,13.91649068790485,0.008368061917690897,,,14.669072886112765,0.08704988571100818
6,37.19832553956235,,,1876.7316744604375,0.1975814379578342,1.189009817736425,0.016593940199902985,13.92734537118011,0.008957251376737106,13.916738426089141,0.008369918203017399,,,14.807621308655442,0.1717783092774253
7,43.193584034273044,,,1876.7314159657271,0.19758235701895047,1.1890139208052748,0.01659401274421171,13.92733906582507,0.008957555843149058,13.916687033537704,0.008369976821115295,,,14.766209579498359,0.21134915635931098
8,45.196435319172,,,1876.7315646808283,0.19757802108468858,1.189010202315579,0.016593919330303564,13.9273350017852,0.008957245987556721,13.916707387809641,0.008369838993459994,,,14.800114802313137,0.19775074320735872
