comb,m1,m2,m3,Tmax,Tmax_err,st,st_err,gmax,gmax_err,rmax,rmax_err,Jmax,Jmax_err,Hmax,Hmax_err
0,-3.878305699859311,,,1876.730805699859,0.12727044368292367,1.1890107281018725,0.016577332517028438,13.926577697626241,0.00894319462796558,13.917590697141401,0.008349705846385546,14.47998863043596,0.058893798684998076,14.692230305848042,0.0858703513489791
3,-0.8846680515653134,,,1876.7296680515653,0.1272673000676135,1.1890151414677688,0.016580192967651047,13.926604963602447,0.008942899328855407,13.917435249568321,0.008349163950331728,14.417892455428134,0.07007617896006862,14.708495848492195,0.06691356289544256
4,11.10372291922613,,,1876.731277080774,0.19728179517395,1.1890100544683935,0.03032180062453993,13.926487348883478,0.008944318960649846,13.917769492068034,0.008350426351893066,14.635713463714676,0.2849652267138042,14.724275419750306,0.11761918737149302
5,25.094073139650163,,,1876.7309268603497,0.1972490551247487,1.1890233080758714,0.016575746794693216,13.9265968510576,0.008943780621926677,13.917295931259778,0.008348539975089487,14.417977158588146,0.24622139490330266,14.652225339336363,0.08681436561521366
6,37.19789060443918,,,1876.7321093955607,0.19731253858206918,1.1890112265337958,0.01658730156751895,13.926718742205189,0.00894040592239377,13.918010977809388,0.00835238090166066,14.78566892548698,0.35691179242718757,14.796945714298744,0.1712635395070348
7,43.19481633335681,,,1876.7301836666434,0.19726517169324112,1.1890079708032981,0.01657948598751225,13.926602343033768,0.008943525315869222,13.917407726117807,0.008349386210659478,14.525873216533668,0.3242600600299121,14.751470780136685,0.21009757352019456
8,45.19735225114027,,,1876.73064774886,0.1972539303338096,1.1890113226918348,0.016578036553020144,13.92668900455889,0.008942468710988735,13.91732207765517,0.00834918762290796,14.470140162890349,0.3545778418510673,14.78196040181396,0.19681271109097942
