comb,m1,m2,m3,Tmax,Tmax_err,st,st_err,gmax,gmax_err,rmax,rmax_err,Jmax,Jmax_err,Hmax,Hmax_err
0,-3.8783112019009423,,,54876.23272786857,0.1279688898553388,1.1892037205378516,0.01659096059605188,13.92778642248433,0.00898016465478387,13.916781855993516,0.008392215155308913,,,14.709408555240222,0.0864380473848684
1,-0.8898440916236723,,,54876.23251075829,0.12794592734292828,1.189007511287475,0.01659546816641714,13.92780770607822,0.008977225323939849,13.916820085847881,0.008392373097555748,,,14.726364810843519,0.06741379874578535
2,11.105987682458363,,,54876.23301231754,0.1979421284366448,1.1890131042029108,0.01659500311782882,13.927810938294654,0.00897696348355604,13.916862259502116,0.00839230867296492,,,14.758642786823435,0.1183147473911477
3,25.09008259449911,,,54876.23275073884,0.19795733080303732,1.1891347834054884,0.016591886698864102,13.927756203989295,0.008979611084300985,13.916750034910864,0.008392037084088373,,,14.672177632797672,0.08714632929386602
4,37.193084790684225,,,54876.232915209315,0.197945873584732,1.1890195778864054,0.016595872896478528,13.927812225989944,0.008976949553352548,13.916899998226196,0.008392515284822386,,,14.808499340565376,0.17231430565717906
5,43.19091281978035,,,54876.23265860879,0.19795293706116907,1.1890427589769657,0.01659496679968041,13.927802481139647,0.008977974866690976,13.916845110153886,0.00839251574089533,,,14.76637530270594,0.21194719712422744
6,45.19577991193364,,,54876.232820088066,0.19794930313822276,1.1890430047717606,0.016594698450458127,13.92779864841807,0.008977749555725587,13.91686599143262,0.008392362479311114,,,14.800385581778523,0.1982971698732961
