comb,m1,m2,m3,Tmax,Tmax_err,st,st_err,gmax,gmax_err,rmax,rmax_err,Jmax,Jmax_err,Hmax,Hmax_err
0,-3.8784164517492172,,,54876.23283311842,0.12765745702344608,1.189112594999702,0.016580817448846107,13.927313852023605,0.00895921601491225,13.91779722918352,0.008373399923107526,14.478166715534595,0.05910628519130328,14.693008319432447,0.08615066617477721
1,-0.8890161456802161,,,54876.231682812344,0.1276573426051653,1.1891149180462628,0.016580572471364446,13.927365290586552,0.008958919003527728,13.917624984261348,0.008372988202333526,14.409866143906056,0.07033317169918414,14.709979767878956,0.06713755908793013
2,11.105525419923651,,,54876.233474580076,0.19766586566716138,1.1890784753237769,0.030322976325401874,13.927248186269113,0.008959844036308126,13.917951012740298,0.008374253560486534,14.623029881528808,0.28614987716848483,14.727950342743043,0.11770692793758697
3,25.09060769975622,,,54876.23222563358,0.1975924020258734,1.1890374754383606,0.016578580462720708,13.92704306154208,0.008961025606153389,13.917486439311574,0.008371668761542692,14.423742933205178,0.2466718979059031,14.653702367153297,0.08701442194274797
4,37.19251603224984,,,54876.23348396775,0.19769009403481197,1.1890557824044465,0.016585835915962844,13.927196329985614,0.008960753295176963,13.918192311217187,0.008375204570271709,14.791104443604311,0.35695233718829583,14.798104766987745,0.17173044055780298
5,43.19107108875323,,,54876.232500339815,0.19766883228629123,1.1890845495385485,0.01658067531766065,13.927331756763056,0.008960501736459325,13.91772166623904,0.008373743624376722,14.515572584630164,0.3263642327245711,14.749641954089348,0.2111234441724368
6,45.195587779729976,,,54876.23301222027,0.19765125676523337,1.1890705345991346,0.01657944891161676,13.927410652920068,0.008958948476340697,13.917652526987164,0.008373460062648367,14.461449540777965,0.3568226060081587,14.781110903916895,0.19755568761344774
