comb,m1,m2,m3,Tmax,Tmax_err,st,st_err,gmax,gmax_err,rmax,rmax_err,Jmax,Jmax_err,Hmax,Hmax_err
0,-3.8754571183162625,,,54876.229873784985,0.12785725095474923,1.1892069622240906,0.01654496748131814,13.925449344544836,0.009015733161620788,13.914657621714916,0.00837272424205288,14.464643161667583,0.05981304006117595,,
1,-0.8889143816704745,,,54876.231581048334,0.12775524017452128,1.1891227556753243,0.016585363292203118,13.927424923093128,0.00896460109087512,13.917537868405446,0.00837857818594705,14.410122716925224,0.07038756453571667,,
2,11.10580410802504,,,54876.233195891975,0.19775821302867577,1.1890699878852355,0.01658683117538472,13.927374193792657,0.008964840366749277,13.917825256728715,0.00837938204940924,14.631619627458223,0.28662802986734376,,
3,25.089540265355026,,,54876.233293067984,0.19773727797347948,1.189056750716848,0.016584228108483288,13.927485596153444,0.008963402777001797,13.9176016347666,0.008378791379320951,14.424160046907529,0.2472434048043227,,
4,37.19279532723158,,,54876.23320467277,0.1977725501722548,1.1890808286488876,0.016588178739321217,13.927303454674359,0.008965956026153684,13.917951994073945,0.008379780449794084,14.790047265954355,0.35708977753877,,
5,43.19102171042323,,,54876.232549718145,0.19776182784263696,1.189093454043237,0.01658449976320351,13.927409755800523,0.00896579100207714,13.917603875912203,0.008379020195296188,14.518461860614039,0.3267127190660333,,
6,45.195615073076624,,,54876.23298492692,0.1977443068932338,1.1890763727501008,0.016583868898194108,13.927454071377623,0.008964387877417402,13.917592873924336,0.008378727651604878,14.464857872961575,0.35717592853381575,,
