comb,m1,m2,m3,Tmax,Tmax_err,st,st_err,gmax,gmax_err,rmax,rmax_err,Jmax,Jmax_err,Hmax,Hmax_err
0,-3.8741983606089434,,,1876.7266983606087,0.12771803687863945,1.1890101664877717,0.016554918064321585,13.92441926066301,0.009021356518111113,13.91354833980543,0.008358462648248056,14.455810883167517,0.06001644255744632,14.682751363698618,0.08659433636477129
3,-0.8843577023139915,,,1876.729357702314,0.1272700722507632,1.1890154422547057,0.01657931578913058,13.926605375774482,0.008942912227066764,13.91739981829651,0.008348797556941883,14.41758784043732,0.07009214550721642,14.708493534296672,0.06691044073185969
4,11.103825453648142,,,1876.731174546352,0.19728048010242483,1.1890109708706451,0.03032134644587895,13.926500384452725,0.008943844852737567,13.917753960163926,0.008350130741069592,14.635762973876348,0.28494389380851565,14.72428983933615,0.11761493931293825
5,25.09417276295676,,,1876.730827237043,0.1972482201805447,1.1890199711994731,0.016575515660850734,13.926614066269456,0.008943213849073085,13.917278074268532,0.00834832248055616,14.418039600859824,0.2462060606751249,14.652214246398444,0.08681400446809764
6,37.19801906234284,,,1876.731980937657,0.19731103463835925,1.1890086378946427,0.01658686116630824,13.926735920208495,0.008939814392363389,13.917992053724893,0.008352049970487885,14.78570458418663,0.3568854303107634,14.796817380602306,0.17127729493287633
7,43.19493095134726,,,1876.730069048653,0.1972668524629003,1.1890204133561646,0.01657897667486262,13.926622312816935,0.008943133911706957,13.917383999315026,0.008349162478940004,14.52590594426617,0.32424499280904584,14.751443715364084,0.21010214360487187
8,45.197457711819425,,,1876.730542288181,0.1972524690125533,1.1890117985107043,0.016577614406635487,13.926703142359347,0.008941952210143636,13.917306470518417,0.00834888747946393,14.470198027019574,0.3545546722032098,14.78195172706931,0.19680718483990364
