comb,m1,m2,m3,Tmax,Tmax_err,st,st_err,gmax,gmax_err,rmax,rmax_err,Jmax,Jmax_err,Hmax,Hmax_err
0,-3.1768306272279005,,,57112.55116396056,0.0740731323742617,0.7006961277946461,0.007785164487467263,13.623445719041502,0.00648773212361048,13.676845333631862,0.006117139801699453,13.911543635161046,0.056493983648790186,14.019912818488818,0.10303588746752555
1,-1.2237399197547347,,,57112.55107325308,0.07407187251806288,0.7006992555508185,0.007784706677557763,13.623464498386195,0.0064874541568382725,13.67679742436481,0.006116861704327747,13.871651950169303,0.057385265020274356,14.018211638222063,0.09809644441158737
2,-0.21702086900768336,,,57112.55102086901,0.07407133110711334,0.7007008742169596,0.007784466977506481,13.623475529838357,0.006487308233665914,13.676769487883853,0.006116717898638058,13.854847096595522,0.06047809421265218,14.039348871015678,0.098380723712842
3,0.76743280330993,,,57112.55094219669,0.5340698678676572,0.7007036110138384,0.007784022237939569,13.623492965109834,0.00648703256618713,13.67672594445841,0.006116445388880038,13.81896380057863,0.11624494042087959,14.046426375555471,0.12043400371742222
4,1.7317017797686276,,,57112.5509648869,0.5340702757810456,0.7007028460254064,0.0077841485034299,13.623487962878349,0.006487111089060611,13.67673849797732,0.006116522775108899,13.827747598250198,0.1188563995966851,14.04069130818469,0.12443019671585005
5,2.7601520064781653,,,57112.550847993516,0.534067781767026,0.700707056066367,0.007783446617162824,13.623514170077637,0.006486674241909732,13.676672999198232,0.006116090234660998,13.771005295111005,0.12434117452736845,14.032830821260859,0.13164209064731855
6,7.718036986763764,,,57112.55096301324,0.534070362011079,0.700702788531267,0.007784155392825365,13.623488194143988,0.0064871142915040435,13.676737782172024,0.006116526496688904,13.838729834554846,0.20361333379456326,14.034325532838853,0.16705659117348945
7,24.718932817457244,,,57112.55106718253,0.14407327142137022,0.7006983503640939,0.02152488403166097,13.623463547765336,0.006487560836838356,13.6767987715315,0.006116972424782044,13.929457367915395,0.21672257768070047,14.142778011529295,0.22024459802223226
9,31.705090538147488,,,57112.55124279518,0.1440765066806472,0.7006925285094262,0.02152586227410061,13.6234251227417,0.006488174874961532,13.676895340767798,0.006117578172272466,14.009047645624504,0.42358320312313746,14.093693399428481,0.26414523581077065
