comb,m1,m2,m3,Tmax,Tmax_err,st,st_err,gmax,gmax_err,rmax,rmax_err,Jmax,Jmax_err,Hmax,Hmax_err
0,-3.1770689855256933,,,57112.55140231886,0.07400017472569757,0.7006177087926448,0.007779426262904507,13.62351177537783,0.006481919021130381,13.676585486724782,0.006111834513472111,,,14.02279613874178,0.10296776321282612
1,-1.2240662213444011,,,57112.55139955467,0.0740003312197982,0.7006179777541655,0.007779419700757125,13.623511454916137,0.006481927073445277,13.676585993164263,0.0061118374904070355,,,14.020610730000316,0.09802930821390364
2,-0.21740887644409668,,,57112.55140887645,0.07400057809326678,0.7006179966835497,0.0077794660264922195,13.623508958524772,0.006481964175189296,13.676592672826718,0.006111872659737372,,,14.042057821294568,0.0983117756634478
3,0.7669629602241912,,,57112.55141203978,0.5340006435065755,0.7006180371253711,0.00777946538439846,13.623508179722098,0.006481972889358168,13.676594918629478,0.006111880426350374,,,14.049245538625794,0.12036502749832037
4,1.7312561984435888,,,57112.55141046822,0.5340006145468319,0.7006180353872486,0.0077794621510691025,13.623508565291893,0.006481968130809076,13.67659387171136,0.006111876101521562,,,14.044611636330401,0.124354537208744
5,2.759592695183528,,,57112.55140730481,0.534000525652893,0.7006180658098741,0.0077794161028071985,13.623509363843503,0.006481949660076435,13.67659175456193,0.0061118580198529695,,,14.036469605562072,0.13156441806543867
6,7.71758429678448,,,57112.551415703216,0.5340006641908174,0.7006180180647036,0.007779484422062734,13.62350728768834,0.006481982050043491,13.67659730338771,0.006111889366370947,,,14.038378370682185,0.1669404892311039
7,24.71854988357518,,,57112.551450116414,0.1440010066657843,0.7006179689723314,0.007779656275834486,13.623498703734885,0.006482080180897002,13.676620545665802,0.006111982711003468,,,14.146680542744368,0.2200685317841479
9,31.7049025550441,,,57112.55143077829,0.14400093528740643,0.7006179526889426,0.007779625985601622,13.623503460379387,0.00648204522093031,13.676607638267974,0.006111950649532297,,,14.09643088290119,0.26394512473818754
